1	北京市	110101	东城区
2	北京市	110102	西城区
3	北京市	110105	朝阳区
4	北京市	110106	丰台区
5	北京市	110107	石景山区
6	北京市	110108	海淀区
7	北京市	110109	门头沟区
8	北京市	110111	房山区
9	北京市	110112	通州区
10	北京市	110113	顺义区
11	北京市	110114	昌平区
12	北京市	110115	大兴区
13	北京市	110116	怀柔区
14	北京市	110117	平谷区
15	北京市	110118	密云区
16	北京市	110119	延庆区
17	北京市	119900	北京市市本级
18	天津市	120101	和平区
19	天津市	120102	河东区
20	天津市	120103	河西区
21	天津市	120104	南开区
22	天津市	120105	河北区
23	天津市	120106	红桥区
24	天津市	120110	东丽区
25	天津市	120111	西青区
26	天津市	120112	津南区
27	天津市	120113	北辰区
28	天津市	120114	武清区
29	天津市	120115	宝坻区
30	天津市	120116	滨海新区
31	天津市	120117	宁河区
32	天津市	120118	静海区
33	天津市	120119	蓟州区
34	天津市	129900	天津市市本级
35	河北省	130100	石家庄市
36	河北省	130181	辛集市
37	河北省	130199	石家庄市市本级
38	河北省	130200	唐山市
39	河北省	130207	丰南区
40	河北省	130208	丰润区
41	河北省	130223	滦县
42	河北省	130224	滦南县
43	河北省	130225	乐亭县
44	河北省	130227	迁西县
45	河北省	130229	玉田县
46	河北省	130230	唐山市曹妃甸区
47	河北省	130241	南堡开发区
48	河北省	130242	海港开发区
49	河北省	130243	芦台开发区
50	河北省	130244	汉沽开发区
51	河北省	130281	遵化市
52	河北省	130283	迁安市
53	河北省	130299	唐山市市本级
54	河北省	130300	秦皇岛市
55	河北省	130302	海港区
56	河北省	130303	山海关区
57	河北省	130304	北戴河区
58	河北省	130321	青龙满族自治县
59	河北省	130322	昌黎县
60	河北省	130323	抚宁县
61	河北省	130324	卢龙县
62	河北省	130340	秦皇岛市开发区
63	河北省	130341	北戴河新区
64	河北省	130399	秦皇岛市市本级
65	河北省	130400	邯郸市
66	河北省	130406	峰峰矿区
67	河北省	130423	临漳县
68	河北省	130424	成安县
69	河北省	130425	大名县
70	河北省	130426	涉县
71	河北省	130427	磁县
72	河北省	130428	肥乡县
73	河北省	130429	永年县
74	河北省	130430	邱县
75	河北省	130431	鸡泽县
76	河北省	130432	广平县
77	河北省	130433	馆陶县
78	河北省	130434	魏县
79	河北省	130435	曲周县
80	河北省	130481	武安市
81	河北省	130499	邯郸市市本级
82	河北省	130500	邢台市
83	河北省	130502	桥东区
84	河北省	130503	桥西区
85	河北省	130521	邢台县
86	河北省	130522	临城县
87	河北省	130523	内丘县
88	河北省	130524	柏乡县
89	河北省	130525	隆尧县
90	河北省	130526	任县
91	河北省	130527	南和县
92	河北省	130528	宁晋县
93	河北省	130529	巨鹿县
94	河北省	130530	新河县
95	河北省	130531	广宗县
96	河北省	130532	平乡县
97	河北省	130533	威县
98	河北省	130534	清河县
99	河北省	130535	临西县
100	河北省	130540	邢台市高开区
101	河北省	130581	南宫市
102	河北省	130582	沙河市
103	河北省	130584	邢台开发区
104	河北省	130599	邢台市市本级
105	河北省	130600	保定市
106	河北省	130621	满城县
107	河北省	130622	清苑县
108	河北省	130623	涞水县
109	河北省	130624	阜平县
110	河北省	130625	徐水县
111	河北省	130626	定兴县
112	河北省	130627	唐县
113	河北省	130628	高阳县
114	河北省	130629	容城县
115	河北省	130630	涞源县
116	河北省	130631	望都县
117	河北省	130632	安新县
118	河北省	130633	易县
119	河北省	130634	曲阳县
120	河北省	130635	蠡县
121	河北省	130636	顺平县
122	河北省	130637	博野县
123	河北省	130638	雄县
124	河北省	130640	白沟新城
125	河北省	130681	涿州市
126	河北省	130682	定州市
127	河北省	130683	安国市
128	河北省	130684	高碑店市
129	河北省	130699	保定市市本级
130	河北省	130700	张家口市
131	河北省	130702	桥东区
132	河北省	130703	桥西区
133	河北省	130705	宣化区
134	河北省	130706	下花园区
135	河北省	130721	宣化县
136	河北省	130722	张北县
137	河北省	130723	康保县
138	河北省	130724	沽源县
139	河北省	130725	尚义县
140	河北省	130726	蔚县
141	河北省	130727	阳原县
142	河北省	130728	怀安县
143	河北省	130729	万全县
144	河北省	130730	怀来县
145	河北省	130731	涿鹿县
146	河北省	130732	赤城县
147	河北省	130733	崇礼县
148	河北省	130740	张家口市高新区
149	河北省	130741	察北管理区
150	河北省	130742	塞北管理区
151	河北省	130799	张家口市市本级
152	河北省	130802	双桥区
153	河北省	130803	双滦区
154	河北省	130804	鹰手营子矿区
155	河北省	130821	承德县
156	河北省	130822	兴隆县
157	河北省	130823	平泉县
158	河北省	130824	滦平县
159	河北省	130825	隆化县
160	河北省	130826	丰宁满族自治县
161	河北省	130827	宽城满族自治县
162	河北省	130828	围场满族蒙古族自治县
163	河北省	130840	承德市高新技术开发区
164	河北省	130899	承德市市本级
165	河北省	130902	新华区
166	河北省	130903	运河区
167	河北省	130921	沧县
168	河北省	130922	青县
169	河北省	130923	东光县
170	河北省	130924	海兴县
171	河北省	130925	盐山县
172	河北省	130926	肃宁县
173	河北省	130927	南皮县
174	河北省	130928	吴桥县
175	河北省	130929	献县
176	河北省	130930	孟村回族自治县
177	河北省	130940	黄骅港开发区
178	河北省	130941	沧州临港经济技术开发区
179	河北省	130942	沧州市南大港管理区
180	河北省	130945	临港经济技术开发区
181	河北省	130981	泊头市
182	河北省	130982	任丘市
183	河北省	130983	黄骅市
184	河北省	130984	河间市
185	河北省	130999	沧州市市本级
186	河北省	131000	廊坊市
187	河北省	131002	安次区
188	河北省	131003	广阳区
189	河北省	131022	固安县
190	河北省	131023	永清县
191	河北省	131024	香河县
192	河北省	131025	大城县
193	河北省	131026	文安县
194	河北省	131028	大厂回族自治县
195	河北省	131040	廊坊市开发区
196	河北省	131081	霸州市
197	河北省	131082	三河市
198	河北省	131099	廊坊市市本级
199	河北省	131100	衡水市
200	河北省	131102	桃城区
201	河北省	131121	枣强县
202	河北省	131122	武邑县
203	河北省	131123	武强县
204	河北省	131124	饶阳县
205	河北省	131125	安平县
206	河北省	131126	故城县
207	河北省	131127	景县
208	河北省	131128	阜城县
209	河北省	131181	冀州市
210	河北省	131182	深州市
211	河北省	131199	衡水市市本级
212	河北省	139900	河北省省本级
213	河北省	139903	华北油田
214	山西省	140100	太原市
215	山西省	140105	小店区
216	山西省	140106	迎泽区
217	山西省	140107	杏花岭区
218	山西省	140108	尖草坪区
219	山西省	140109	万柏林区
220	山西省	140110	晋源区
221	山西省	140121	清徐县
222	山西省	140122	阳曲县
223	山西省	140123	娄烦县
224	山西省	140181	古交市
225	山西省	140199	太原市市本级
226	山西省	140200	大同市
227	山西省	140212	新荣区
228	山西省	140213	平城区
229	山西省	140214	云冈区
230	山西省	140215	云州区
231	山西省	140221	阳高县
232	山西省	140222	天镇县
233	山西省	140223	广灵县
234	山西省	140224	灵丘县
235	山西省	140225	浑源县
236	山西省	140226	左云县
237	山西省	140299	大同市市本级
238	山西省	140300	阳泉市
239	山西省	140302	城区
240	山西省	140303	矿区
241	山西省	140311	郊区
242	山西省	140321	平定县
243	山西省	140322	盂县
244	山西省	140399	阳泉市市本级
245	山西省	140400	长治市
246	山西省	140403	潞州区
247	山西省	140404	上党区
248	山西省	140405	屯留区
249	山西省	140406	潞城区
250	山西省	140423	襄垣县
251	山西省	140425	平顺县
252	山西省	140426	黎城县
253	山西省	140427	壶关县
254	山西省	140428	长子县
255	山西省	140429	武乡县
256	山西省	140430	沁县
257	山西省	140431	沁源县
258	山西省	140499	长治市市本级
259	山西省	140500	晋城市
260	山西省	140502	城区
261	山西省	140521	沁水县
262	山西省	140522	阳城县
263	山西省	140524	陵川县
264	山西省	140525	泽州县
265	山西省	140581	高平市
266	山西省	140599	晋城市市本级
267	山西省	140600	朔州市
268	山西省	140602	朔城区
269	山西省	140603	平鲁区
270	山西省	140621	山阴县
271	山西省	140622	应县
272	山西省	140623	右玉县
273	山西省	140681	怀仁市
274	山西省	140699	朔州市市本级
275	山西省	140700	晋中市
276	山西省	140702	榆次区
277	山西省	140721	榆社县
278	山西省	140722	左权县
279	山西省	140723	和顺县
280	山西省	140724	昔阳县
281	山西省	140725	寿阳县
282	山西省	140726	太谷县
283	山西省	140727	祁县
284	山西省	140728	平遥县
285	山西省	140729	灵石县
286	山西省	140781	介休市
287	山西省	140799	晋中市市本级
288	山西省	140800	运城市
289	山西省	140802	盐湖区
290	山西省	140821	临猗县
291	山西省	140822	万荣县
292	山西省	140823	闻喜县
293	山西省	140824	稷山县
294	山西省	140825	新绛县
295	山西省	140826	绛县
296	山西省	140827	垣曲县
297	山西省	140828	夏县
298	山西省	140829	平陆县
299	山西省	140830	芮城县
300	山西省	140881	永济市
301	山西省	140882	河津市
302	山西省	140899	运城市市本级
303	山西省	140900	忻州市
304	山西省	140902	忻府区
305	山西省	140921	定襄县
306	山西省	140922	五台县
307	山西省	140923	代县
308	山西省	140924	繁峙县
309	山西省	140925	宁武县
310	山西省	140926	静乐县
311	山西省	140927	神池县
312	山西省	140928	五寨县
313	山西省	140929	岢岚县
314	山西省	140930	河曲县
315	山西省	140931	保德县
316	山西省	140932	偏关县
317	山西省	140981	原平市
318	山西省	140999	忻州市市本级
319	山西省	141000	临汾市
320	山西省	141002	尧都区
321	山西省	141021	曲沃县
322	山西省	141022	翼城县
323	山西省	141023	襄汾县
324	山西省	141024	洪洞县
325	山西省	141025	古县
326	山西省	141026	安泽县
327	山西省	141027	浮山县
328	山西省	141028	吉县
329	山西省	141029	乡宁县
330	山西省	141030	大宁县
331	山西省	141031	隰县
332	山西省	141032	永和县
333	山西省	141033	蒲县
334	山西省	141034	汾西县
335	山西省	141081	侯马市
336	山西省	141082	霍州市
337	山西省	141099	临汾市市本级
338	山西省	141100	吕梁市
339	山西省	141102	离石区
340	山西省	141121	文水县
341	山西省	141122	交城县
342	山西省	141123	兴县
343	山西省	141124	临县
344	山西省	141125	柳林县
345	山西省	141126	石楼县
346	山西省	141127	岚县
347	山西省	141128	方山县
348	山西省	141129	中阳县
349	山西省	141130	交口县
350	山西省	141181	孝义市
351	山西省	141182	汾阳市
352	山西省	141199	吕梁市市本级
353	山西省	149900	山西省省本级
354	内蒙古自治区	150100	呼和浩特市
355	内蒙古自治区	150102	新城区
356	内蒙古自治区	150103	回民区
357	内蒙古自治区	150104	玉泉区
358	内蒙古自治区	150105	赛罕区
359	内蒙古自治区	150121	土默特左旗
360	内蒙古自治区	150122	托克托县
361	内蒙古自治区	150123	和林格尔县
362	内蒙古自治区	150124	清水河县
363	内蒙古自治区	150125	武川县
364	内蒙古自治区	150199	呼和浩特市市本级
365	内蒙古自治区	150200	包头市
366	内蒙古自治区	150202	东河区
367	内蒙古自治区	150203	昆都仑区
368	内蒙古自治区	150204	青山区
369	内蒙古自治区	150205	石拐区
370	内蒙古自治区	150206	白云鄂博矿区
371	内蒙古自治区	150207	九原区
372	内蒙古自治区	150221	土默特右旗
373	内蒙古自治区	150222	固阳县
374	内蒙古自治区	150223	达尔罕茂明安联合旗
375	内蒙古自治区	150299	包头市市本级
376	内蒙古自治区	150300	乌海市
377	内蒙古自治区	150302	海勃湾区
378	内蒙古自治区	150303	海南区
379	内蒙古自治区	150304	乌达区
380	内蒙古自治区	150399	乌海市市本级
381	内蒙古自治区	150400	赤峰市
382	内蒙古自治区	150402	红山区
383	内蒙古自治区	150403	元宝山区
384	内蒙古自治区	150404	松山区
385	内蒙古自治区	150421	阿鲁科尔沁旗
386	内蒙古自治区	150422	巴林左旗
387	内蒙古自治区	150423	巴林右旗
388	内蒙古自治区	150424	林西县
389	内蒙古自治区	150425	克什克腾旗
390	内蒙古自治区	150426	翁牛特旗
391	内蒙古自治区	150428	喀喇沁旗
392	内蒙古自治区	150429	宁城县
393	内蒙古自治区	150430	敖汉旗
394	内蒙古自治区	150499	赤峰市市本级
395	内蒙古自治区	150500	通辽市
396	内蒙古自治区	150502	科尔沁区
397	内蒙古自治区	150521	科尔沁左翼中旗
398	内蒙古自治区	150522	科尔沁左翼后旗
399	内蒙古自治区	150523	开鲁县
400	内蒙古自治区	150524	库伦旗
401	内蒙古自治区	150525	奈曼旗
402	内蒙古自治区	150526	扎鲁特旗
403	内蒙古自治区	150581	霍林郭勒市
404	内蒙古自治区	150599	通辽市市本级
405	内蒙古自治区	150600	鄂尔多斯市
406	内蒙古自治区	150602	东胜区
407	内蒙古自治区	150603	康巴什区
408	内蒙古自治区	150621	达拉特旗
409	内蒙古自治区	150622	准格尔旗
410	内蒙古自治区	150623	鄂托克前旗
411	内蒙古自治区	150624	鄂托克旗
412	内蒙古自治区	150625	杭锦旗
413	内蒙古自治区	150626	乌审旗
414	内蒙古自治区	150627	伊金霍洛旗
415	内蒙古自治区	150699	鄂尔多斯市市本级
416	内蒙古自治区	150700	呼伦贝尔市
417	内蒙古自治区	150702	海拉尔区
418	内蒙古自治区	150703	扎赉诺尔区
419	内蒙古自治区	150721	阿荣旗
420	内蒙古自治区	150722	莫力达瓦达斡尔族自治旗
421	内蒙古自治区	150723	鄂伦春自治旗
422	内蒙古自治区	150724	鄂温克族自治旗
423	内蒙古自治区	150725	陈巴尔虎旗
424	内蒙古自治区	150726	新巴尔虎左旗
425	内蒙古自治区	150727	新巴尔虎右旗
426	内蒙古自治区	150781	满洲里市
427	内蒙古自治区	150782	牙克石市
428	内蒙古自治区	150783	扎兰屯市
429	内蒙古自治区	150784	额尔古纳市
430	内蒙古自治区	150785	根河市
431	内蒙古自治区	150799	呼伦贝尔市市本级
432	内蒙古自治区	150800	巴彦淖尔市
433	内蒙古自治区	150802	临河区
434	内蒙古自治区	150821	五原县
435	内蒙古自治区	150822	磴口县
436	内蒙古自治区	150823	乌拉特前旗
437	内蒙古自治区	150824	乌拉特中旗
438	内蒙古自治区	150825	乌拉特后旗
439	内蒙古自治区	150826	杭锦后旗
440	内蒙古自治区	150899	巴彦淖尔市市本级
441	内蒙古自治区	150900	乌兰察布市
442	内蒙古自治区	150902	集宁区
443	内蒙古自治区	150921	卓资县
444	内蒙古自治区	150922	化德县
445	内蒙古自治区	150923	商都县
446	内蒙古自治区	150924	兴和县
447	内蒙古自治区	150925	凉城县
448	内蒙古自治区	150926	察哈尔右翼前旗
449	内蒙古自治区	150927	察哈尔右翼中旗
450	内蒙古自治区	150928	察哈尔右翼后旗
451	内蒙古自治区	150929	四子王旗
452	内蒙古自治区	150981	丰镇市
453	内蒙古自治区	150999	乌兰察布市市本级
454	内蒙古自治区	152200	兴安盟
455	内蒙古自治区	152201	乌兰浩特市
456	内蒙古自治区	152202	阿尔山市
457	内蒙古自治区	152221	科尔沁右翼前旗
458	内蒙古自治区	152222	科尔沁右翼中旗
459	内蒙古自治区	152223	扎赉特旗
460	内蒙古自治区	152224	突泉县
461	内蒙古自治区	152299	兴安盟盟本级
462	内蒙古自治区	152500	锡林郭勒盟
463	内蒙古自治区	152501	二连浩特市
464	内蒙古自治区	152502	锡林浩特市
465	内蒙古自治区	152522	阿巴嘎旗
466	内蒙古自治区	152523	苏尼特左旗
467	内蒙古自治区	152524	苏尼特右旗
468	内蒙古自治区	152525	东乌珠穆沁旗
469	内蒙古自治区	152526	西乌珠穆沁旗
470	内蒙古自治区	152527	太仆寺旗
471	内蒙古自治区	152528	镶黄旗
472	内蒙古自治区	152529	正镶白旗
473	内蒙古自治区	152530	正蓝旗
474	内蒙古自治区	152531	多伦县
475	内蒙古自治区	152599	锡林郭勒盟盟本级
476	内蒙古自治区	152900	阿拉善盟
477	内蒙古自治区	152921	阿拉善左旗
478	内蒙古自治区	152922	阿拉善右旗
479	内蒙古自治区	152923	额济纳旗
480	内蒙古自治区	152999	阿拉善盟盟本级
481	内蒙古自治区	159900	内蒙古自治区区本级
482	辽宁省	210100	沈阳市
483	辽宁省	210102	和平区
484	辽宁省	210103	沈河区
485	辽宁省	210104	大东区
486	辽宁省	210105	皇姑区
487	辽宁省	210106	铁西区
488	辽宁省	210111	苏家屯区
489	辽宁省	210112	浑南区
490	辽宁省	210113	沈北新区
491	辽宁省	210114	于洪区
492	辽宁省	210115	辽中区
493	辽宁省	210123	康平县
494	辽宁省	210124	法库县
495	辽宁省	210181	新民市
496	辽宁省	210199	沈阳市市本级
497	辽宁省	210200	大连市
498	辽宁省	210202	中山区
499	辽宁省	210203	西岗区
500	辽宁省	210204	沙河口区
501	辽宁省	210211	甘井子区
502	辽宁省	210212	旅顺口区
503	辽宁省	210213	金州区
504	辽宁省	210214	普兰店区
505	辽宁省	210224	长海县
506	辽宁省	210281	瓦房店市
507	辽宁省	210283	庄河市
508	辽宁省	210299	大连市市本级
509	辽宁省	210300	鞍山市
510	辽宁省	210302	铁东区
511	辽宁省	210303	铁西区
512	辽宁省	210304	立山区
513	辽宁省	210311	千山区
514	辽宁省	210321	台安县
515	辽宁省	210323	岫岩满族自治县
516	辽宁省	210381	海城市
517	辽宁省	210399	鞍山市市本级
518	辽宁省	210400	抚顺市
519	辽宁省	210402	新抚区
520	辽宁省	210403	东洲区
521	辽宁省	210404	望花区
522	辽宁省	210411	顺城区
523	辽宁省	210421	抚顺县
524	辽宁省	210422	新宾满族自治县
525	辽宁省	210423	清原满族自治县
526	辽宁省	210499	抚顺市市本级
527	辽宁省	210500	本溪市
528	辽宁省	210502	平山区
529	辽宁省	210503	溪湖区
530	辽宁省	210504	明山区
531	辽宁省	210505	南芬区
532	辽宁省	210521	本溪满族自治县
533	辽宁省	210522	桓仁满族自治县
534	辽宁省	210599	本溪市市本级
535	辽宁省	210600	丹东市
536	辽宁省	210602	元宝区
537	辽宁省	210603	振兴区
538	辽宁省	210604	振安区
539	辽宁省	210624	宽甸满族自治县
540	辽宁省	210681	东港市
541	辽宁省	210682	凤城市
542	辽宁省	210699	丹东市市本级
543	辽宁省	210700	锦州市
544	辽宁省	210702	古塔区
545	辽宁省	210703	凌河区
546	辽宁省	210711	太和区
547	辽宁省	210726	黑山县
548	辽宁省	210727	义县
549	辽宁省	210781	凌海市
550	辽宁省	210782	北镇市
551	辽宁省	210799	锦州市市本级
552	辽宁省	210800	营口市
553	辽宁省	210802	站前区
554	辽宁省	210803	西市区
555	辽宁省	210804	鲅鱼圈区
556	辽宁省	210811	老边区
557	辽宁省	210881	盖州市
558	辽宁省	210882	大石桥市
559	辽宁省	210899	营口市市本级
560	辽宁省	210900	阜新市
561	辽宁省	210902	海州区
562	辽宁省	210903	新邱区
563	辽宁省	210904	太平区
564	辽宁省	210905	清河门区
565	辽宁省	210911	细河区
566	辽宁省	210921	阜新蒙古族自治县
567	辽宁省	210922	彰武县
568	辽宁省	210999	阜新市市本级
569	辽宁省	211000	辽阳市
570	辽宁省	211002	白塔区
571	辽宁省	211003	文圣区
572	辽宁省	211004	宏伟区
573	辽宁省	211005	弓长岭区
574	辽宁省	211011	太子河区
575	辽宁省	211021	辽阳县
576	辽宁省	211081	灯塔市
577	辽宁省	211099	辽阳市市本级
578	辽宁省	211100	盘锦市
579	辽宁省	211102	双台子区
580	辽宁省	211103	兴隆台区
581	辽宁省	211104	大洼区
582	辽宁省	211122	盘山县
583	辽宁省	211199	盘锦市市本级
584	辽宁省	211200	铁岭市
585	辽宁省	211202	银州区
586	辽宁省	211204	清河区
587	辽宁省	211221	铁岭县
588	辽宁省	211223	西丰县
589	辽宁省	211224	昌图县
590	辽宁省	211281	调兵山市
591	辽宁省	211282	开原市
592	辽宁省	211299	铁岭市市本级
593	辽宁省	211300	朝阳市
594	辽宁省	211302	双塔区
595	辽宁省	211303	龙城区
596	辽宁省	211321	朝阳县
597	辽宁省	211322	建平县
598	辽宁省	211324	喀喇沁左翼蒙古族自治县
599	辽宁省	211381	北票市
600	辽宁省	211382	凌源市
601	辽宁省	211399	朝阳市市本级
602	辽宁省	211400	葫芦岛市
603	辽宁省	211402	连山区
604	辽宁省	211403	龙港区
605	辽宁省	211404	南票区
606	辽宁省	211421	绥中县
607	辽宁省	211422	建昌县
608	辽宁省	211481	兴城市
609	辽宁省	211499	葫芦岛市市本级
610	辽宁省	219900	辽宁省省本级
611	吉林省	220100	长春市
612	吉林省	220102	南关区
613	吉林省	220103	宽城区
614	吉林省	220104	朝阳区
615	吉林省	220105	二道区
616	吉林省	220106	绿园区
617	吉林省	220112	双阳区
618	吉林省	220113	九台区
619	吉林省	220122	农安县
620	吉林省	220181	九台市
621	吉林省	220182	榆树市
622	吉林省	220183	德惠市
623	吉林省	220199	长春市市本级
624	吉林省	220200	吉林市
625	吉林省	220202	昌邑区
626	吉林省	220203	龙潭区
627	吉林省	220204	船营区
628	吉林省	220211	丰满区
629	吉林省	220221	永吉县
630	吉林省	220281	蛟河市
631	吉林省	220282	桦甸市
632	吉林省	220283	舒兰市
633	吉林省	220284	磐石市
634	吉林省	220299	吉林市市本级
635	吉林省	220300	四平市
636	吉林省	220302	铁西区
637	吉林省	220303	铁东区
638	吉林省	220322	梨树县
639	吉林省	220323	伊通满族自治县
640	吉林省	220381	公主岭市
641	吉林省	220382	双辽市
642	吉林省	220399	四平市市本级
643	吉林省	220400	辽源市
644	吉林省	220402	龙山区
645	吉林省	220403	西安区
646	吉林省	220421	东丰县
647	吉林省	220422	东辽县
648	吉林省	220499	辽源市市本级
649	吉林省	220500	通化市
650	吉林省	220502	东昌区
651	吉林省	220503	二道江区
652	吉林省	220521	通化县
653	吉林省	220523	辉南县
654	吉林省	220524	柳河县
655	吉林省	220581	梅河口市
656	吉林省	220582	集安市
657	吉林省	220599	通化市市本级
658	吉林省	220600	白山市
659	吉林省	220602	浑江区
660	吉林省	220605	江源区
661	吉林省	220621	抚松县
662	吉林省	220622	靖宇县
663	吉林省	220623	长白朝鲜族自治县
664	吉林省	220625	江源区(**)
665	吉林省	220681	临江市
666	吉林省	220699	白山市市本级
667	吉林省	220700	松原市
668	吉林省	220702	宁江区
669	吉林省	220721	前郭尔罗斯蒙古族自治县
670	吉林省	220722	长岭县
671	吉林省	220723	乾安县
672	吉林省	220724	扶余县
673	吉林省	220781	扶余市
674	吉林省	220799	松原市市本级
675	吉林省	220800	白城市
676	吉林省	220802	洮北区
677	吉林省	220821	镇赉县
678	吉林省	220822	通榆县
679	吉林省	220881	洮南市
680	吉林省	220882	大安市
681	吉林省	220899	白城市市本级
682	吉林省	222299	长白山管委会
683	吉林省	222400	延边朝鲜族自治州
684	吉林省	222401	延吉市
685	吉林省	222402	图们市
686	吉林省	222403	敦化市
687	吉林省	222404	珲春市
688	吉林省	222405	龙井市
689	吉林省	222406	和龙市
690	吉林省	222424	汪清县
691	吉林省	222426	安图县
692	吉林省	229900	吉林省省本级
693	黑龙江省	230100	哈尔滨市
694	黑龙江省	230102	道里区
695	黑龙江省	230103	南岗区
696	黑龙江省	230104	道外区
697	黑龙江省	230108	平房区
698	黑龙江省	230109	松北区
699	黑龙江省	230110	香坊区
700	黑龙江省	230111	呼兰区
701	黑龙江省	230112	阿城区
702	黑龙江省	230113	双城区
703	黑龙江省	230123	依兰县
704	黑龙江省	230124	方正县
705	黑龙江省	230125	宾县
706	黑龙江省	230126	巴彦县
707	黑龙江省	230127	木兰县
708	黑龙江省	230128	通河县
709	黑龙江省	230129	延寿县
710	黑龙江省	230183	尚志市
711	黑龙江省	230184	五常市
712	黑龙江省	230199	哈尔滨市市本级
713	黑龙江省	230200	齐齐哈尔市
714	黑龙江省	230202	龙沙区
715	黑龙江省	230203	建华区
716	黑龙江省	230204	铁锋区
717	黑龙江省	230205	昂昂溪区
718	黑龙江省	230206	富拉尔基区
719	黑龙江省	230207	碾子山区
720	黑龙江省	230208	梅里斯达斡尔族区
721	黑龙江省	230221	龙江县
722	黑龙江省	230223	依安县
723	黑龙江省	230224	泰来县
724	黑龙江省	230225	甘南县
725	黑龙江省	230227	富裕县
726	黑龙江省	230229	克山县
727	黑龙江省	230230	克东县
728	黑龙江省	230231	拜泉县
729	黑龙江省	230281	讷河市
730	黑龙江省	230299	齐齐哈尔市市本级
731	黑龙江省	230300	鸡西市
732	黑龙江省	230302	鸡冠区
733	黑龙江省	230303	恒山区
734	黑龙江省	230304	滴道区
735	黑龙江省	230305	梨树区
736	黑龙江省	230306	城子河区
737	黑龙江省	230307	麻山区
738	黑龙江省	230321	鸡东县
739	黑龙江省	230381	虎林市
740	黑龙江省	230382	密山市
741	黑龙江省	230399	鸡西市市本级
742	黑龙江省	230400	鹤岗市
743	黑龙江省	230402	向阳区
744	黑龙江省	230403	工农区
745	黑龙江省	230404	南山区
746	黑龙江省	230405	兴安区
747	黑龙江省	230406	东山区
748	黑龙江省	230407	兴山区
749	黑龙江省	230421	萝北县
750	黑龙江省	230422	绥滨县
751	黑龙江省	230499	鹤岗市市本级
752	黑龙江省	230500	双鸭山市
753	黑龙江省	230502	尖山区
754	黑龙江省	230503	岭东区
755	黑龙江省	230505	四方台区
756	黑龙江省	230506	宝山区
757	黑龙江省	230521	集贤县
758	黑龙江省	230522	友谊县
759	黑龙江省	230523	宝清县
760	黑龙江省	230524	饶河县
761	黑龙江省	230599	双鸭山市市本级
762	黑龙江省	230600	大庆市
763	黑龙江省	230602	萨尔图区
764	黑龙江省	230603	龙凤区
765	黑龙江省	230604	让胡路区
766	黑龙江省	230605	红岗区
767	黑龙江省	230606	大同区
768	黑龙江省	230621	肇州县
769	黑龙江省	230622	肇源县
770	黑龙江省	230623	林甸县
771	黑龙江省	230624	杜尔伯特蒙古族自治县
772	黑龙江省	230699	大庆市市本级
773	黑龙江省	230700	伊春市
774	黑龙江省	230702	伊春区
775	黑龙江省	230703	南岔区
776	黑龙江省	230704	友好区
777	黑龙江省	230705	西林区
778	黑龙江省	230706	翠峦区
779	黑龙江省	230707	新青区
780	黑龙江省	230708	美溪区
781	黑龙江省	230709	金山屯区
782	黑龙江省	230710	五营区
783	黑龙江省	230711	乌马河区
784	黑龙江省	230712	汤旺河区
785	黑龙江省	230713	带岭区
786	黑龙江省	230714	乌伊岭区
787	黑龙江省	230715	红星区
788	黑龙江省	230716	上甘岭区
789	黑龙江省	230722	嘉荫县
790	黑龙江省	230781	铁力市
791	黑龙江省	230799	伊春市市本级
792	黑龙江省	230800	佳木斯市
793	黑龙江省	230803	向阳区
794	黑龙江省	230804	前进区
795	黑龙江省	230805	东风区
796	黑龙江省	230811	郊区
797	黑龙江省	230822	桦南县
798	黑龙江省	230826	桦川县
799	黑龙江省	230828	汤原县
800	黑龙江省	230881	同江市
801	黑龙江省	230882	富锦市
802	黑龙江省	230883	抚远市
803	黑龙江省	230899	佳木斯市市本级
804	黑龙江省	230900	七台河市
805	黑龙江省	230902	新兴区
806	黑龙江省	230903	桃山区
807	黑龙江省	230904	茄子河区
808	黑龙江省	230921	勃利县
809	黑龙江省	230999	七台河市市本级
810	黑龙江省	231000	牡丹江市
811	黑龙江省	231002	东安区
812	黑龙江省	231003	阳明区
813	黑龙江省	231004	爱民区
814	黑龙江省	231005	西安区
815	黑龙江省	231025	林口县
816	黑龙江省	231081	绥芬河市
817	黑龙江省	231083	海林市
818	黑龙江省	231084	宁安市
819	黑龙江省	231085	穆棱市
820	黑龙江省	231086	东宁市
821	黑龙江省	231099	牡丹江市市本级
822	黑龙江省	231100	黑河市
823	黑龙江省	231102	爱辉区
824	黑龙江省	231121	嫩江县
825	黑龙江省	231123	逊克县
826	黑龙江省	231124	孙吴县
827	黑龙江省	231181	北安市
828	黑龙江省	231182	五大连池市
829	黑龙江省	231199	黑河市市本级
830	黑龙江省	231200	绥化市
831	黑龙江省	231202	北林区
832	黑龙江省	231221	望奎县
833	黑龙江省	231222	兰西县
834	黑龙江省	231223	青冈县
835	黑龙江省	231224	庆安县
836	黑龙江省	231225	明水县
837	黑龙江省	231226	绥棱县
838	黑龙江省	231281	安达市
839	黑龙江省	231282	肇东市
840	黑龙江省	231283	海伦市
841	黑龙江省	231299	绥化市市本级
842	黑龙江省	232700	大兴安岭地区
843	黑龙江省	232701	漠河市
844	黑龙江省	232721	呼玛县
845	黑龙江省	232722	塔河县
846	黑龙江省	232799	大兴安岭地区本级
847	黑龙江省	239900	黑龙江省省本级
848	上海市	310101	黄浦区
849	上海市	310104	徐汇区
850	上海市	310105	长宁区
851	上海市	310106	静安区
852	上海市	310107	普陀区
853	上海市	310109	虹口区
854	上海市	310110	杨浦区
855	上海市	310112	闵行区
856	上海市	310113	宝山区
857	上海市	310114	嘉定区
858	上海市	310115	浦东新区
859	上海市	310116	金山区
860	上海市	310117	松江区
861	上海市	310118	青浦区
862	上海市	310120	奉贤区
863	上海市	310151	崇明区
864	上海市	319900	上海市市本级
865	江苏省	320100	南京市
866	江苏省	320102	玄武区
867	江苏省	320104	秦淮区
868	江苏省	320105	建邺区
869	江苏省	320106	鼓楼区
870	江苏省	320111	浦口区
871	江苏省	320113	栖霞区
872	江苏省	320114	雨花台区
873	江苏省	320115	江宁区
874	江苏省	320116	六合区
875	江苏省	320117	溧水区
876	江苏省	320118	高淳区
877	江苏省	320199	南京市市本级
878	江苏省	320200	无锡市
879	江苏省	320205	锡山区
880	江苏省	320206	惠山区
881	江苏省	320211	滨湖区
882	江苏省	320213	梁溪区
883	江苏省	320214	新吴区
884	江苏省	320281	江阴市
885	江苏省	320282	宜兴市
886	江苏省	320299	无锡市市本级
887	江苏省	320300	徐州市
888	江苏省	320302	鼓楼区
889	江苏省	320303	云龙区
890	江苏省	320305	贾汪区
891	江苏省	320311	泉山区
892	江苏省	320312	铜山区
893	江苏省	320321	丰县
894	江苏省	320322	沛县
895	江苏省	320324	睢宁县
896	江苏省	320381	新沂市
897	江苏省	320382	邳州市
898	江苏省	320399	徐州市市本级
899	江苏省	320400	常州市
900	江苏省	320402	天宁区
901	江苏省	320404	钟楼区
902	江苏省	320411	新北区
903	江苏省	320412	武进区
904	江苏省	320413	金坛区
905	江苏省	320481	溧阳市
906	江苏省	320499	常州市市本级
907	江苏省	320500	苏州市
908	江苏省	320505	虎丘区
909	江苏省	320506	吴中区
910	江苏省	320507	相城区
911	江苏省	320508	姑苏区
912	江苏省	320509	吴江区
913	江苏省	320581	常熟市
914	江苏省	320582	张家港市
915	江苏省	320583	昆山市
916	江苏省	320585	太仓市
917	江苏省	320599	苏州市市本级
918	江苏省	320600	南通市
919	江苏省	320602	崇川区
920	江苏省	320611	港闸区
921	江苏省	320612	通州区
922	江苏省	320623	如东县
923	江苏省	320681	启东市
924	江苏省	320682	如皋市
925	江苏省	320684	海门市
926	江苏省	320685	海安市
927	江苏省	320699	南通市市本级
928	江苏省	320700	连云港市
929	江苏省	320703	连云区
930	江苏省	320706	海州区
931	江苏省	320707	赣榆区
932	江苏省	320722	东海县
933	江苏省	320723	灌云县
934	江苏省	320724	灌南县
935	江苏省	320799	连云港市市本级
936	江苏省	320800	淮安市
937	江苏省	320803	淮安区
938	江苏省	320804	淮阴区
939	江苏省	320812	清江浦区
940	江苏省	320813	洪泽区
941	江苏省	320826	涟水县
942	江苏省	320830	盱眙县
943	江苏省	320831	金湖县
944	江苏省	320899	淮安市市本级
945	江苏省	320900	盐城市
946	江苏省	320902	亭湖区
947	江苏省	320903	盐都区
948	江苏省	320904	大丰区
949	江苏省	320921	响水县
950	江苏省	320922	滨海县
951	江苏省	320923	阜宁县
952	江苏省	320924	射阳县
953	江苏省	320925	建湖县
954	江苏省	320981	东台市
955	江苏省	320999	盐城市市本级
956	江苏省	321000	扬州市
957	江苏省	321002	广陵区
958	江苏省	321003	邗江区
959	江苏省	321012	江都区
960	江苏省	321023	宝应县
961	江苏省	321081	仪征市
962	江苏省	321084	高邮市
963	江苏省	321099	扬州市市本级
964	江苏省	321100	镇江市
965	江苏省	321102	京口区
966	江苏省	321111	润州区
967	江苏省	321112	丹徒区
968	江苏省	321181	丹阳市
969	江苏省	321182	扬中市
970	江苏省	321183	句容市
971	江苏省	321199	镇江市市本级
972	江苏省	321200	泰州市
973	江苏省	321202	海陵区
974	江苏省	321203	高港区
975	江苏省	321204	姜堰区
976	江苏省	321281	兴化市
977	江苏省	321282	靖江市
978	江苏省	321283	泰兴市
979	江苏省	321299	泰州市市本级
980	江苏省	321300	宿迁市
981	江苏省	321302	宿城区
982	江苏省	321311	宿豫区
983	江苏省	321322	沭阳县
984	江苏省	321323	泗阳县
985	江苏省	321324	泗洪县
986	江苏省	321399	宿迁市市本级
987	江苏省	329900	江苏省省本级
988	浙江省	330100	杭州市
989	浙江省	330102	上城区
990	浙江省	330103	下城区
991	浙江省	330104	江干区
992	浙江省	330105	拱墅区
993	浙江省	330106	西湖区
994	浙江省	330108	滨江区
995	浙江省	330109	萧山区
996	浙江省	330110	余杭区
997	浙江省	330111	富阳区
998	浙江省	330112	临安区
999	浙江省	330122	桐庐县
1000	浙江省	330127	淳安县
1001	浙江省	330182	建德市
1002	浙江省	330199	杭州市市本级
1003	浙江省	330200	宁波市
1004	浙江省	330203	海曙区
1005	浙江省	330205	江北区
1006	浙江省	330206	北仑区
1007	浙江省	330211	镇海区
1008	浙江省	330212	鄞州区
1009	浙江省	330213	奉化区
1010	浙江省	330225	象山县
1011	浙江省	330226	宁海县
1012	浙江省	330281	余姚市
1013	浙江省	330282	慈溪市
1014	浙江省	330299	宁波市市本级
1015	浙江省	330300	温州市
1016	浙江省	330302	鹿城区
1017	浙江省	330303	龙湾区
1018	浙江省	330304	瓯海区
1019	浙江省	330305	洞头区
1020	浙江省	330324	永嘉县
1021	浙江省	330326	平阳县
1022	浙江省	330327	苍南县
1023	浙江省	330328	文成县
1024	浙江省	330329	泰顺县
1025	浙江省	330381	瑞安市
1026	浙江省	330382	乐清市
1027	浙江省	330399	温州市市本级
1028	浙江省	330400	嘉兴市
1029	浙江省	330402	南湖区
1030	浙江省	330411	秀洲区
1031	浙江省	330421	嘉善县
1032	浙江省	330424	海盐县
1033	浙江省	330481	海宁市
1034	浙江省	330482	平湖市
1035	浙江省	330483	桐乡市
1036	浙江省	330499	嘉兴市市本级
1037	浙江省	330500	湖州市
1038	浙江省	330502	吴兴区
1039	浙江省	330503	南浔区
1040	浙江省	330521	德清县
1041	浙江省	330522	长兴县
1042	浙江省	330523	安吉县
1043	浙江省	330599	湖州市市本级
1044	浙江省	330600	绍兴市
1045	浙江省	330602	越城区
1046	浙江省	330603	柯桥区
1047	浙江省	330604	上虞区
1048	浙江省	330624	新昌县
1049	浙江省	330681	诸暨市
1050	浙江省	330683	嵊州市
1051	浙江省	330699	绍兴市市本级
1052	浙江省	330700	金华市
1053	浙江省	330702	婺城区
1054	浙江省	330703	金东区
1055	浙江省	330723	武义县
1056	浙江省	330726	浦江县
1057	浙江省	330727	磐安县
1058	浙江省	330781	兰溪市
1059	浙江省	330782	义乌市
1060	浙江省	330783	东阳市
1061	浙江省	330784	永康市
1062	浙江省	330799	金华市市本级
1063	浙江省	330800	衢州市
1064	浙江省	330802	柯城区
1065	浙江省	330803	衢江区
1066	浙江省	330822	常山县
1067	浙江省	330824	开化县
1068	浙江省	330825	龙游县
1069	浙江省	330881	江山市
1070	浙江省	330899	衢州市市本级
1071	浙江省	330900	舟山市
1072	浙江省	330902	定海区
1073	浙江省	330903	普陀区
1074	浙江省	330921	岱山县
1075	浙江省	330922	嵊泗县
1076	浙江省	330999	舟山市市本级
1077	浙江省	331000	台州市
1078	浙江省	331002	椒江区
1079	浙江省	331003	黄岩区
1080	浙江省	331004	路桥区
1081	浙江省	331022	三门县
1082	浙江省	331023	天台县
1083	浙江省	331024	仙居县
1084	浙江省	331081	温岭市
1085	浙江省	331082	临海市
1086	浙江省	331083	玉环市
1087	浙江省	331099	台州市市本级
1088	浙江省	331100	丽水市
1089	浙江省	331102	莲都区
1090	浙江省	331121	青田县
1091	浙江省	331122	缙云县
1092	浙江省	331123	遂昌县
1093	浙江省	331124	松阳县
1094	浙江省	331125	云和县
1095	浙江省	331126	庆元县
1096	浙江省	331127	景宁畲族自治县
1097	浙江省	331181	龙泉市
1098	浙江省	331199	丽水市市本级
1099	浙江省	339900	浙江省省本级
1100	安徽省	340100	合肥市
1101	安徽省	340102	瑶海区
1102	安徽省	340103	庐阳区
1103	安徽省	340104	蜀山区
1104	安徽省	340111	包河区
1105	安徽省	340121	长丰县
1106	安徽省	340122	肥东县
1107	安徽省	340123	肥西县
1108	安徽省	340124	庐江县
1109	安徽省	340181	巢湖市
1110	安徽省	340199	合肥市市本级
1111	安徽省	340200	芜湖市
1112	安徽省	340202	镜湖区
1113	安徽省	340203	弋江区
3594	安徽省	340240	芜湖经济技术开发区
1114	安徽省	340207	鸠江区
1115	安徽省	340208	三山区
1116	安徽省	340221	芜湖县
1117	安徽省	340222	繁昌县
1118	安徽省	340223	南陵县
1119	安徽省	340225	无为县
1120	安徽省	340299	芜湖市市本级
1121	安徽省	340300	蚌埠市
1122	安徽省	340302	龙子湖区
1123	安徽省	340303	蚌山区
1124	安徽省	340304	禹会区
1125	安徽省	340311	淮上区
1126	安徽省	340321	怀远县
1127	安徽省	340322	五河县
1128	安徽省	340323	固镇县
1129	安徽省	340399	蚌埠市市本级
1130	安徽省	340400	淮南市
1131	安徽省	340402	大通区
1132	安徽省	340403	田家庵区
1133	安徽省	340404	谢家集区
1134	安徽省	340405	八公山区
1135	安徽省	340406	潘集区
1136	安徽省	340421	凤台县
1137	安徽省	340422	寿县
1138	安徽省	340499	淮南市市本级
1139	安徽省	340500	马鞍山市
1140	安徽省	340503	花山区
1141	安徽省	340504	雨山区
1142	安徽省	340506	博望区
1143	安徽省	340521	当涂县
1144	安徽省	340522	含山县
1145	安徽省	340523	和县
1146	安徽省	340599	马鞍山市市本级
1147	安徽省	340600	淮北市
1148	安徽省	340602	杜集区
1149	安徽省	340603	相山区
1150	安徽省	340604	烈山区
1151	安徽省	340621	濉溪县
1152	安徽省	340699	淮北市市本级
1153	安徽省	340700	铜陵市
1154	安徽省	340705	铜官区
1155	安徽省	340706	义安区
1156	安徽省	340711	郊区
1157	安徽省	340722	枞阳县
1158	安徽省	340799	铜陵市市本级
1159	安徽省	340800	安庆市
1160	安徽省	340802	迎江区
1161	安徽省	340803	大观区
1162	安徽省	340811	宜秀区
1163	安徽省	340822	怀宁县
1164	安徽省	340825	太湖县
1165	安徽省	340826	宿松县
1166	安徽省	340827	望江县
1167	安徽省	340828	岳西县
1168	安徽省	340881	桐城市
1169	安徽省	340882	潜山市
1170	安徽省	340899	安庆市市本级
1171	安徽省	341000	黄山市
1172	安徽省	341002	屯溪区
1173	安徽省	341003	黄山区
1174	安徽省	341004	徽州区
1175	安徽省	341021	歙县
1176	安徽省	341022	休宁县
1177	安徽省	341023	黟县
1178	安徽省	341024	祁门县
1179	安徽省	341099	黄山市市本级
1180	安徽省	341100	滁州市
1181	安徽省	341102	琅琊区
1182	安徽省	341103	南谯区
1183	安徽省	341122	来安县
1184	安徽省	341124	全椒县
1185	安徽省	341125	定远县
1186	安徽省	341126	凤阳县
1187	安徽省	341181	天长市
1188	安徽省	341182	明光市
1189	安徽省	341199	滁州市市本级
1190	安徽省	341200	阜阳市
1191	安徽省	341202	颍州区
1192	安徽省	341203	颍东区
1193	安徽省	341204	颍泉区
1194	安徽省	341221	临泉县
1195	安徽省	341222	太和县
1196	安徽省	341225	阜南县
1197	安徽省	341226	颍上县
1198	安徽省	341282	界首市
1199	安徽省	341299	阜阳市市本级
1200	安徽省	341300	宿州市
1201	安徽省	341302	埇桥区
1202	安徽省	341321	砀山县
1203	安徽省	341322	萧县
1204	安徽省	341323	灵璧县
1205	安徽省	341324	泗县
1206	安徽省	341399	宿州市市本级
1207	安徽省	341500	六安市
1208	安徽省	341502	金安区
1209	安徽省	341503	裕安区
1210	安徽省	341504	叶集区
1211	安徽省	341522	霍邱县
1212	安徽省	341523	舒城县
1213	安徽省	341524	金寨县
1214	安徽省	341525	霍山县
1215	安徽省	341599	六安市市本级
1216	安徽省	341600	亳州市
1217	安徽省	341602	谯城区
1218	安徽省	341621	涡阳县
1219	安徽省	341622	蒙城县
1220	安徽省	341623	利辛县
1221	安徽省	341699	亳州市市本级
1222	安徽省	341700	池州市
1223	安徽省	341702	贵池区
3595	安徽省	341740	九华山风景区
1224	安徽省	341721	东至县
1225	安徽省	341722	石台县
1226	安徽省	341723	青阳县
1227	安徽省	341799	池州市市本级
1228	安徽省	341800	宣城市
1229	安徽省	341802	宣州区
1230	安徽省	341821	郎溪县
1231	安徽省	341822	广德县
1232	安徽省	341823	泾县
1233	安徽省	341824	绩溪县
1234	安徽省	341825	旌德县
1235	安徽省	341881	宁国市
1236	安徽省	341899	宣城市市本级
1237	安徽省	349900	安徽省省本级
1238	福建省	350100	福州市
1239	福建省	350102	鼓楼区
1240	福建省	350103	台江区
1241	福建省	350104	仓山区
1242	福建省	350105	马尾区
1243	福建省	350111	晋安区
1244	福建省	350112	长乐区
1245	福建省	350121	闽侯县
1246	福建省	350122	连江县
1247	福建省	350123	罗源县
1248	福建省	350124	闽清县
1249	福建省	350125	永泰县
1250	福建省	350128	平潭县
1251	福建省	350181	福清市
1252	福建省	350199	福州市市本级
1253	福建省	350200	厦门市
1254	福建省	350203	思明区
1255	福建省	350205	海沧区
1256	福建省	350206	湖里区
1257	福建省	350211	集美区
1258	福建省	350212	同安区
1259	福建省	350213	翔安区
1260	福建省	350299	厦门市市本级
1261	福建省	350300	莆田市
1262	福建省	350302	城厢区
1263	福建省	350303	涵江区
1264	福建省	350304	荔城区
1265	福建省	350305	秀屿区
1266	福建省	350322	仙游县
1267	福建省	350340	湄洲岛
1268	福建省	350341	湄洲湾北岸
1269	福建省	350399	莆田市市本级
1270	福建省	350400	三明市
1271	福建省	350402	梅列区
1272	福建省	350403	三元区
1273	福建省	350421	明溪县
1274	福建省	350423	清流县
1275	福建省	350424	宁化县
1276	福建省	350425	大田县
1277	福建省	350426	尤溪县
1278	福建省	350427	沙县
1279	福建省	350428	将乐县
1280	福建省	350429	泰宁县
1281	福建省	350430	建宁县
1282	福建省	350481	永安市
1283	福建省	350499	三明市市本级
1284	福建省	350500	泉州市
1285	福建省	350502	鲤城区
1286	福建省	350503	丰泽区
1287	福建省	350504	洛江区
1288	福建省	350505	泉港区
1289	福建省	350512	台商投资区
1290	福建省	350521	惠安县
1291	福建省	350524	安溪县
1292	福建省	350525	永春县
1293	福建省	350526	德化县
1294	福建省	350527	金门县
1295	福建省	350581	石狮市
1296	福建省	350582	晋江市
1297	福建省	350583	南安市
1298	福建省	350599	泉州市市本级
1299	福建省	350600	漳州市
1300	福建省	350602	芗城区
1301	福建省	350603	龙文区
1302	福建省	350622	云霄县
1303	福建省	350623	漳浦县
1304	福建省	350624	诏安县
1305	福建省	350625	长泰县
1306	福建省	350626	东山县
1307	福建省	350627	南靖县
1308	福建省	350628	平和县
1309	福建省	350629	华安县
1310	福建省	350640	常山开发区
1311	福建省	350681	龙海市
1312	福建省	350699	漳州市市本级
1313	福建省	350700	南平市
1314	福建省	350702	延平区
1315	福建省	350703	建阳区
1316	福建省	350721	顺昌县
1317	福建省	350722	浦城县
1318	福建省	350723	光泽县
1319	福建省	350724	松溪县
1320	福建省	350725	政和县
1321	福建省	350781	邵武市
1322	福建省	350782	武夷山市
1323	福建省	350783	建瓯市
1324	福建省	350799	南平市市本级
1325	福建省	350800	龙岩市
1326	福建省	350802	新罗区
1327	福建省	350803	永定区
1328	福建省	350821	长汀县
1329	福建省	350823	上杭县
1330	福建省	350824	武平县
1331	福建省	350825	连城县
1332	福建省	350881	漳平市
1333	福建省	350899	龙岩市市本级
1334	福建省	350900	宁德市
1335	福建省	350902	蕉城区
1336	福建省	350921	霞浦县
1337	福建省	350922	古田县
1338	福建省	350923	屏南县
1339	福建省	350924	寿宁县
1340	福建省	350925	周宁县
1341	福建省	350926	柘荣县
1342	福建省	350981	福安市
1343	福建省	350982	福鼎市
1344	福建省	350999	宁德市市本级
1345	福建省	359900	福建省省本级
1346	江西省	360100	南昌市
1347	江西省	360102	东湖区
1348	江西省	360103	西湖区
1349	江西省	360104	青云谱区
1350	江西省	360105	湾里区
1351	江西省	360111	青山湖区
1352	江西省	360112	新建区
1353	江西省	360121	南昌县
1354	江西省	360123	安义县
1355	江西省	360124	进贤县
1356	江西省	360199	南昌市市本级
1357	江西省	360200	景德镇市
1358	江西省	360202	昌江区
1359	江西省	360203	珠山区
1360	江西省	360222	浮梁县
1361	江西省	360281	乐平市
1362	江西省	360299	景德镇市市本级
1363	江西省	360300	萍乡市
1364	江西省	360302	安源区
1365	江西省	360313	湘东区
1366	江西省	360321	莲花县
1367	江西省	360322	上栗县
1368	江西省	360323	芦溪县
1369	江西省	360399	萍乡市市本级
1370	江西省	360400	九江市
1371	江西省	360402	濂溪区
1372	江西省	360403	浔阳区
1373	江西省	360404	柴桑区
1374	江西省	360423	武宁县
1375	江西省	360424	修水县
1376	江西省	360425	永修县
1377	江西省	360426	德安县
1378	江西省	360428	都昌县
1379	江西省	360429	湖口县
1380	江西省	360430	彭泽县
1381	江西省	360481	瑞昌市
1382	江西省	360482	共青城市
1383	江西省	360483	庐山市
1384	江西省	360499	九江市市本级
1385	江西省	360500	新余市
1386	江西省	360502	渝水区
1387	江西省	360521	分宜县
1388	江西省	360599	新余市市本级
1389	江西省	360600	鹰潭市
1390	江西省	360602	月湖区
1391	江西省	360603	余江区
1392	江西省	360681	贵溪市
1393	江西省	360699	鹰潭市市本级
1394	江西省	360700	赣州市
1395	江西省	360702	章贡区
1396	江西省	360703	南康区
1397	江西省	360704	赣县区
1398	江西省	360722	信丰县
1399	江西省	360723	大余县
1400	江西省	360724	上犹县
1401	江西省	360725	崇义县
1402	江西省	360726	安远县
1403	江西省	360727	龙南县
1404	江西省	360728	定南县
1405	江西省	360729	全南县
1406	江西省	360730	宁都县
1407	江西省	360731	于都县
1408	江西省	360732	兴国县
1409	江西省	360733	会昌县
1410	江西省	360734	寻乌县
1411	江西省	360735	石城县
1412	江西省	360781	瑞金市
1413	江西省	360799	赣州市市本级
1414	江西省	360800	吉安市
1415	江西省	360802	吉州区
1416	江西省	360803	青原区
1417	江西省	360821	吉安县
1418	江西省	360822	吉水县
1419	江西省	360823	峡江县
1420	江西省	360824	新干县
1421	江西省	360825	永丰县
1422	江西省	360826	泰和县
1423	江西省	360827	遂川县
1424	江西省	360828	万安县
1425	江西省	360829	安福县
1426	江西省	360830	永新县
1427	江西省	360881	井冈山市
1428	江西省	360899	吉安市市本级
1429	江西省	360900	宜春市
1430	江西省	360902	袁州区
1431	江西省	360921	奉新县
1432	江西省	360922	万载县
1433	江西省	360923	上高县
1434	江西省	360924	宜丰县
1435	江西省	360925	靖安县
1436	江西省	360926	铜鼓县
1437	江西省	360981	丰城市
1438	江西省	360982	樟树市
1439	江西省	360983	高安市
1440	江西省	360999	宜春市市本级
1441	江西省	361000	抚州市
1442	江西省	361002	临川区
1443	江西省	361003	东乡区
1444	江西省	361021	南城县
1445	江西省	361022	黎川县
1446	江西省	361023	南丰县
1447	江西省	361024	崇仁县
1448	江西省	361025	乐安县
1449	江西省	361026	宜黄县
1450	江西省	361027	金溪县
1451	江西省	361028	资溪县
1452	江西省	361030	广昌县
1453	江西省	361099	抚州市市本级
1454	江西省	361100	上饶市
1455	江西省	361102	信州区
1456	江西省	361103	广丰区
1457	江西省	361121	上饶县
1458	江西省	361123	玉山县
1459	江西省	361124	铅山县
1460	江西省	361125	横峰县
1461	江西省	361126	弋阳县
1462	江西省	361127	余干县
1463	江西省	361128	鄱阳县
1464	江西省	361129	万年县
1465	江西省	361130	婺源县
1466	江西省	361181	德兴市
1467	江西省	361199	上饶市市本级
1468	江西省	369900	江西省省本级
1469	山东省	370100	济南市
1470	山东省	370102	历下区
1471	山东省	370103	市中区
1472	山东省	370104	槐荫区
1473	山东省	370105	天桥区
1474	山东省	370112	历城区
1475	山东省	370113	长清区
1476	山东省	370114	章丘区
1477	山东省	370115	济阳区
1478	山东省	370116	莱芜区
1479	山东省	370117	钢城区
1480	山东省	370118	莱芜高新区
1481	山东省	370119	莱芜市直
1482	山东省	370124	平阴县
1483	山东省	370125	济阳县
1484	山东省	370126	商河县
1485	山东省	370181	章丘市
1486	山东省	370196	高新区
1487	山东省	370197	南山区
1488	山东省	370198	济南机关(军休人员济南代管)
1489	山东省	370199	济南市市本级
1490	山东省	370200	青岛市
1491	山东省	370202	市南区
1492	山东省	370203	市北区
1493	山东省	370211	黄岛区
1494	山东省	370212	崂山区
1495	山东省	370213	李沧区
1496	山东省	370214	城阳区
1497	山东省	370215	即墨区
1498	山东省	370281	胶州市
1499	山东省	370283	平度市
1500	山东省	370285	莱西市
1501	山东省	370299	青岛市市本级
1502	山东省	370300	淄博市
1503	山东省	370302	淄川区
1504	山东省	370303	张店区
1505	山东省	370304	博山区
1506	山东省	370305	临淄区
1507	山东省	370306	周村区
1508	山东省	370321	桓台县
1509	山东省	370322	高青县
1510	山东省	370323	沂源县
1511	山东省	370340	高新区
1512	山东省	370341	文昌湖区
1513	山东省	370342	经济开发区
1514	山东省	370399	淄博市市本级
1515	山东省	370400	枣庄市
1516	山东省	370401	枣庄矿业
1517	山东省	370402	市中区
1518	山东省	370403	薛城区
1519	山东省	370404	峄城区
1520	山东省	370405	台儿庄区
1521	山东省	370406	山亭区
1522	山东省	370481	滕州市
1523	山东省	370499	枣庄市市本级
1524	山东省	370500	东营市
1525	山东省	370502	东营区
1526	山东省	370503	河口区
1527	山东省	370505	垦利区
1528	山东省	370521	垦利区
1529	山东省	370522	利津县
1530	山东省	370523	广饶县
1531	山东省	370540	开发区
1532	山东省	370541	东营港
1533	山东省	370599	东营市市本级
1534	山东省	370600	烟台市
1535	山东省	370602	芝罘区
1536	山东省	370611	福山区
1537	山东省	370612	牟平区
1538	山东省	370613	莱山区
1539	山东省	370634	长岛县
1540	山东省	370640	烟台开发区
1541	山东省	370641	烟台高新区
1542	山东省	370681	龙口市
1543	山东省	370682	莱阳市
1544	山东省	370683	莱州市
1545	山东省	370684	蓬莱市
1546	山东省	370685	招远市
1547	山东省	370686	栖霞市
1548	山东省	370687	海阳市
1549	山东省	370699	烟台市市本级
1550	山东省	370700	潍坊市
1551	山东省	370702	潍城区
1552	山东省	370703	寒亭区
1553	山东省	370704	坊子区
1554	山东省	370705	奎文区
1555	山东省	370724	临朐县
1556	山东省	370725	昌乐县
1557	山东省	370781	青州市
1558	山东省	370782	诸城市
1559	山东省	370783	寿光市
1560	山东省	370784	安丘市
1561	山东省	370785	高密市
1562	山东省	370786	昌邑市
1563	山东省	370799	潍坊市市本级
1564	山东省	370800	济宁市
1565	山东省	370802	中区
1566	山东省	370811	任城区
1567	山东省	370812	兖州区
1568	山东省	370826	微山县
1569	山东省	370827	鱼台县
1570	山东省	370828	金乡县
1571	山东省	370829	嘉祥县
1572	山东省	370830	汶上县
1573	山东省	370831	泗水县
1574	山东省	370832	梁山县
1575	山东省	370833	兖矿集团
1576	山东省	370840	经开区
1577	山东省	370858	高新区
1578	山东省	370868	太白湖区
1579	山东省	370881	曲阜市
1580	山东省	370882	兖州区
1581	山东省	370883	邹城市
1582	山东省	370899	济宁市市本级
1583	山东省	370900	泰安市
1584	山东省	370902	泰山区
1585	山东省	370911	岱岳区
1586	山东省	370912	高新区居民
1587	山东省	370913	景区居民
1588	山东省	370921	宁阳县
1589	山东省	370923	东平县
1590	山东省	370930	新汶矿业
1591	山东省	370940	肥城矿业
1592	山东省	370941	高新区机关、高新区企业
1593	山东省	370942	景区机关、景区企业
1594	山东省	370982	新泰市
1595	山东省	370983	肥城市
1596	山东省	370999	泰安市市本级
1597	山东省	371000	威海市
1598	山东省	371002	环翠区
1599	山东省	371003	文登区
1600	山东省	371082	荣成市
1601	山东省	371083	乳山市
1602	山东省	371099	威海市市本级
1603	山东省	371100	日照市
1604	山东省	371102	东港区
1605	山东省	371103	岚山区
1606	山东省	371121	五莲县
1607	山东省	371122	莒县
1608	山东省	371140	日照经济技术开发区
1609	山东省	371141	山海天旅游度假区
1610	山东省	371142	日照市国际海洋城
1611	山东省	371199	日照市市本级
1612	山东省	371300	临沂市
1613	山东省	371302	兰山区
1614	山东省	371311	罗庄区
1615	山东省	371312	河东区
1616	山东省	371321	沂南县
1617	山东省	371322	郯城县
1618	山东省	371323	沂水县
1619	山东省	371324	兰陵县
1620	山东省	371325	费县
1621	山东省	371326	平邑县
1622	山东省	371327	莒南县
1623	山东省	371328	蒙阴县
1624	山东省	371329	临沭县
1625	山东省	371340	经济开发区
1626	山东省	371341	高新开发区
1627	山东省	371342	临港产业区
1628	山东省	371343	蒙山旅游区
1629	山东省	371344	综合保税区
1630	山东省	371399	临沂市市本级
1631	山东省	371400	德州市
1632	山东省	371402	德城区
1633	山东省	371403	陵城区
1634	山东省	371404	运河开发区
1635	山东省	371422	宁津县
1636	山东省	371423	庆云县
1637	山东省	371424	临邑县
1638	山东省	371425	齐河县
1639	山东省	371426	平原县
1640	山东省	371427	夏津县
1641	山东省	371428	武城县
1642	山东省	371481	乐陵市
1643	山东省	371482	禹城市
1644	山东省	371489	经济技术开发区
1645	山东省	371499	德城市市本级
1646	山东省	371500	聊城市
1647	山东省	371502	东昌府区
1648	山东省	371521	阳谷县
1649	山东省	371522	莘县
1650	山东省	371523	茌平县
1651	山东省	371524	东阿县
1652	山东省	371525	冠县
1653	山东省	371526	高唐县
1654	山东省	371540	经济技术开发区
1655	山东省	371541	聊城高新技术产业开发区
1656	山东省	371542	江北水城旅游度假区
1657	山东省	371581	临清市
1658	山东省	371599	聊城市市本级
1659	山东省	371600	滨州市
1660	山东省	371602	滨城区
1661	山东省	371603	沾化区
1662	山东省	371604	滨州开发区
1663	山东省	371605	滨州北海新区
1664	山东省	371621	惠民县
1665	山东省	371622	阳信县
1666	山东省	371623	无棣县
1667	山东省	371625	博兴县
1668	山东省	371626	滨州邹平市
1669	山东省	371681	邹平市
1670	山东省	371689	滨州高新区
1671	山东省	371699	滨州市市本级
1672	山东省	371700	菏泽市
1673	山东省	371702	牡丹区
1674	山东省	371703	定陶区
1675	山东省	371721	曹县
1676	山东省	371722	单县
1677	山东省	371723	成武县
1678	山东省	371724	巨野县
1679	山东省	371725	郓城县
1680	山东省	371726	鄄城县
1681	山东省	371728	东明县
1682	山东省	371740	菏泽市经济开发区
1683	山东省	371741	高新技术产业开发区
1684	山东省	371799	菏泽市市本级
1685	山东省	379900	山东省省本级
1686	河南省	410100	郑州市
1687	河南省	410102	中原区
1688	河南省	410103	二七区
1689	河南省	410104	管城回族区
1690	河南省	410105	金水区
1691	河南省	410106	上街区
1692	河南省	410108	惠济区
1693	河南省	410122	中牟县
1694	河南省	410181	巩义市
1695	河南省	410182	荥阳市
1696	河南省	410183	新密市
1697	河南省	410184	新郑市
1698	河南省	410185	登封市
1699	河南省	410199	郑州市市本级
1700	河南省	410200	开封市
1701	河南省	410202	龙亭区
1702	河南省	410203	顺河回族区
1703	河南省	410204	鼓楼区
1704	河南省	410205	禹王台区
1705	河南省	410212	祥符区
1706	河南省	410221	杞县
1707	河南省	410222	通许县
1708	河南省	410223	尉氏县
1709	河南省	410225	兰考县
1710	河南省	410299	开封市市本级
1711	河南省	410300	洛阳市
1712	河南省	410302	老城区
1713	河南省	410303	西工区
1714	河南省	410304	瀍河回族区
1715	河南省	410305	涧西区
1716	河南省	410306	吉利区
1717	河南省	410311	洛龙区
1718	河南省	410322	孟津县
1719	河南省	410323	新安县
1720	河南省	410324	栾川县
1721	河南省	410325	嵩县
1722	河南省	410326	汝阳县
1723	河南省	410327	宜阳县
1724	河南省	410328	洛宁县
1725	河南省	410329	伊川县
1726	河南省	410381	偃师市
1727	河南省	410399	洛阳市市本级
1728	河南省	410400	平顶山市
1729	河南省	410402	新华区
1730	河南省	410403	卫东区
1731	河南省	410404	石龙区
1732	河南省	410411	湛河区
1733	河南省	410421	宝丰县
1734	河南省	410422	叶县
1735	河南省	410423	鲁山县
1736	河南省	410425	郏县
1737	河南省	410481	舞钢市
1738	河南省	410482	汝州市
1739	河南省	410499	平顶山市市本级
1740	河南省	410500	安阳市
1741	河南省	410502	文峰区
1742	河南省	410503	北关区
1743	河南省	410505	殷都区
1744	河南省	410506	龙安区
1745	河南省	410522	安阳县
1746	河南省	410523	汤阴县
1747	河南省	410526	滑县
1748	河南省	410527	内黄县
1749	河南省	410581	林州市
1750	河南省	410599	安阳市市本级
1751	河南省	410600	鹤壁市
1752	河南省	410602	鹤山区
1753	河南省	410603	山城区
1754	河南省	410611	淇滨区
1755	河南省	410621	浚县
1756	河南省	410622	淇县
1757	河南省	410699	鹤壁市市本级
1758	河南省	410700	新乡市
1759	河南省	410702	红旗区
1760	河南省	410703	卫滨区
1761	河南省	410704	凤泉区
1762	河南省	410711	牧野区
1763	河南省	410721	新乡县
1764	河南省	410724	获嘉县
1765	河南省	410725	原阳县
1766	河南省	410726	延津县
1767	河南省	410727	封丘县
1768	河南省	410728	长垣县
1769	河南省	410781	卫辉市
1770	河南省	410782	辉县市
1771	河南省	410799	新乡市市本级
1772	河南省	410800	焦作市
1773	河南省	410802	解放区
1774	河南省	410803	中站区
1775	河南省	410804	马村区
1776	河南省	410811	山阳区
1777	河南省	410821	修武县
1778	河南省	410822	博爱县
1779	河南省	410823	武陟县
1780	河南省	410825	温县
1781	河南省	410882	沁阳市
1782	河南省	410883	孟州市
1783	河南省	410899	焦作市市本级
1784	河南省	410900	濮阳市
1785	河南省	410902	华龙区
1786	河南省	410922	清丰县
1787	河南省	410923	南乐县
1788	河南省	410926	范县
1789	河南省	410927	台前县
1790	河南省	410928	濮阳县
1791	河南省	410999	濮阳市市本级
1792	河南省	411000	许昌市
1793	河南省	411002	魏都区
1794	河南省	411003	建安区
1795	河南省	411024	鄢陵县
1796	河南省	411025	襄城县
1797	河南省	411081	禹州市
1798	河南省	411082	长葛市
1799	河南省	411099	许昌市市本级
1800	河南省	411100	漯河市
1801	河南省	411102	源汇区
1802	河南省	411103	郾城区
1803	河南省	411104	召陵区
1804	河南省	411121	舞阳县
1805	河南省	411122	临颍县
1806	河南省	411199	漯河市市本级
1807	河南省	411200	三门峡市
1808	河南省	411202	湖滨区
1809	河南省	411203	陕州区
1810	河南省	411221	渑池县
1811	河南省	411224	卢氏县
1812	河南省	411281	义马市
1813	河南省	411282	灵宝市
1814	河南省	411299	三门峡市市本级
1815	河南省	411300	南阳市
1816	河南省	411302	宛城区
1817	河南省	411303	卧龙区
1818	河南省	411321	南召县
1819	河南省	411322	方城县
1820	河南省	411323	西峡县
1821	河南省	411324	镇平县
1822	河南省	411325	内乡县
1823	河南省	411326	淅川县
1824	河南省	411327	社旗县
1825	河南省	411328	唐河县
1826	河南省	411329	新野县
1827	河南省	411330	桐柏县
1828	河南省	411381	邓州市
1829	河南省	411399	南阳市市本级
1830	河南省	411400	商丘市
1831	河南省	411402	梁园区
1832	河南省	411403	睢阳区
1833	河南省	411421	民权县
1834	河南省	411422	睢县
1835	河南省	411423	宁陵县
1836	河南省	411424	柘城县
1837	河南省	411425	虞城县
1838	河南省	411426	夏邑县
1839	河南省	411481	永城市
1840	河南省	411499	商丘市市本级
1841	河南省	411500	信阳市
1842	河南省	411502	浉河区
1843	河南省	411503	平桥区
1844	河南省	411521	罗山县
1845	河南省	411522	光山县
1846	河南省	411523	新县
1847	河南省	411524	商城县
1848	河南省	411525	固始县
1849	河南省	411526	潢川县
1850	河南省	411527	淮滨县
1851	河南省	411528	息县
1852	河南省	411599	信阳市市本级
1853	河南省	411600	周口市
1854	河南省	411602	川汇区
1855	河南省	411621	扶沟县
1856	河南省	411622	西华县
1857	河南省	411623	商水县
1858	河南省	411624	沈丘县
1859	河南省	411625	郸城县
1860	河南省	411626	淮阳县
1861	河南省	411627	太康县
1862	河南省	411628	鹿邑县
1863	河南省	411681	项城市
1864	河南省	411699	周口市市本级
1865	河南省	411700	驻马店市
1866	河南省	411702	驿城区
1867	河南省	411721	西平县
1868	河南省	411722	上蔡县
1869	河南省	411723	平舆县
1870	河南省	411724	正阳县
1871	河南省	411725	确山县
1872	河南省	411726	泌阳县
1873	河南省	411727	汝南县
1874	河南省	411728	遂平县
1875	河南省	411729	新蔡县
1876	河南省	411799	驻马店市市本级
1877	河南省	419001	济源市
1878	河南省	419900	河南省省本级
1879	湖北省	420100	武汉市
1880	湖北省	420102	江岸区
1881	湖北省	420103	江汉区
1882	湖北省	420104	硚口区
1883	湖北省	420105	汉阳区
1884	湖北省	420106	武昌区
1885	湖北省	420107	青山区
1886	湖北省	420111	洪山区
1887	湖北省	420112	东西湖区
1888	湖北省	420113	汉南区
1889	湖北省	420114	蔡甸区
1890	湖北省	420115	江夏区
1891	湖北省	420116	黄陂区
1892	湖北省	420117	新洲区
1893	湖北省	420199	武汉市市本级
1894	湖北省	420200	黄石市
1895	湖北省	420202	黄石港区
1896	湖北省	420203	西塞山区
1897	湖北省	420204	下陆区
1898	湖北省	420205	铁山区
1899	湖北省	420222	阳新县
1900	湖北省	420281	大冶市
1901	湖北省	420299	黄石市市本级
1902	湖北省	420300	十堰市
1903	湖北省	420302	茅箭区
1904	湖北省	420303	张湾区
1905	湖北省	420304	郧阳区
1906	湖北省	420322	郧西县
1907	湖北省	420323	竹山县
1908	湖北省	420324	竹溪县
1909	湖北省	420325	房县
1910	湖北省	420381	丹江口市
1911	湖北省	420399	十堰市市本级
1912	湖北省	420500	宜昌市
1913	湖北省	420502	西陵区
1914	湖北省	420503	伍家岗区
1915	湖北省	420504	点军区
1916	湖北省	420505	猇亭区
1917	湖北省	420506	夷陵区
1918	湖北省	420525	远安县
1919	湖北省	420526	兴山县
1920	湖北省	420527	秭归县
1921	湖北省	420528	长阳土家族自治县
1922	湖北省	420529	五峰土家族自治县
1923	湖北省	420581	宜都市
1924	湖北省	420582	当阳市
1925	湖北省	420583	枝江市
1926	湖北省	420599	宜昌市市本级
1927	湖北省	420600	襄阳市
1928	湖北省	420602	襄城区
1929	湖北省	420606	樊城区
1930	湖北省	420607	襄州区
1931	湖北省	420624	南漳县
1932	湖北省	420625	谷城县
1933	湖北省	420626	保康县
1934	湖北省	420682	老河口市
1935	湖北省	420683	枣阳市
1936	湖北省	420684	宜城市
1937	湖北省	420699	襄阳市市本级
1938	湖北省	420700	鄂州市
1939	湖北省	420702	梁子湖区
1940	湖北省	420703	华容区
1941	湖北省	420704	鄂城区
1942	湖北省	420799	鄂州市市本级
1943	湖北省	420800	荆门市
1944	湖北省	420802	东宝区
1945	湖北省	420804	掇刀区
1946	湖北省	420822	沙洋县
1947	湖北省	420881	钟祥市
1948	湖北省	420882	京山市
1949	湖北省	420899	荆门市市本级
1950	湖北省	420900	孝感市
1951	湖北省	420902	孝南区
1952	湖北省	420921	孝昌县
1953	湖北省	420922	大悟县
1954	湖北省	420923	云梦县
1955	湖北省	420981	应城市
1956	湖北省	420982	安陆市
1957	湖北省	420984	汉川市
1958	湖北省	420999	孝感市市本级
1959	湖北省	421000	荆州市
1960	湖北省	421002	沙市区
1961	湖北省	421003	荆州区
1962	湖北省	421022	公安县
1963	湖北省	421023	监利县
1964	湖北省	421024	江陵县
1965	湖北省	421081	石首市
1966	湖北省	421083	洪湖市
1967	湖北省	421087	松滋市
1968	湖北省	421099	荆州市市本级
1969	湖北省	421100	黄冈市
1970	湖北省	421102	黄州区
1971	湖北省	421121	团风县
1972	湖北省	421122	红安县
1973	湖北省	421123	罗田县
1974	湖北省	421124	英山县
1975	湖北省	421125	浠水县
1976	湖北省	421126	蕲春县
1977	湖北省	421127	黄梅县
1978	湖北省	421181	麻城市
1979	湖北省	421182	武穴市
1980	湖北省	421199	黄冈市市本级
1981	湖北省	421200	咸宁市
1982	湖北省	421202	咸安区
1983	湖北省	421221	嘉鱼县
1984	湖北省	421222	通城县
1985	湖北省	421223	崇阳县
1986	湖北省	421224	通山县
1987	湖北省	421281	赤壁市
1988	湖北省	421299	咸宁市市本级
1989	湖北省	421300	随州市
1990	湖北省	421303	曾都区
1991	湖北省	421321	随县
1992	湖北省	421381	广水市
1993	湖北省	421399	随州市市本级
1994	湖北省	422800	恩施土家族苗族自治州
1995	湖北省	422801	恩施市
1996	湖北省	422802	利川市
1997	湖北省	422822	建始县
1998	湖北省	422823	巴东县
1999	湖北省	422825	宣恩县
2000	湖北省	422826	咸丰县
2001	湖北省	422827	来凤县
2002	湖北省	422828	鹤峰县
2003	湖北省	422899	恩施土家族苗族自治州州本级
2004	湖北省	429004	仙桃市
2005	湖北省	429005	潜江市
2006	湖北省	429006	天门市
2007	湖北省	429021	神农架林区
2008	湖北省	429900	湖北省省本级
2009	湖南省	430100	长沙市
2010	湖南省	430102	芙蓉区
2011	湖南省	430103	天心区
2012	湖南省	430104	岳麓区
2013	湖南省	430105	开福区
2014	湖南省	430111	雨花区
2015	湖南省	430112	望城区
2016	湖南省	430121	长沙县
2017	湖南省	430181	浏阳市
2018	湖南省	430182	宁乡市
2019	湖南省	430199	长沙市市本级
2020	湖南省	430200	株洲市
2021	湖南省	430202	荷塘区
2022	湖南省	430203	芦淞区
2023	湖南省	430204	石峰区
2024	湖南省	430211	天元区
2025	湖南省	430212	渌口区
2026	湖南省	430223	攸县
2027	湖南省	430224	茶陵县
2028	湖南省	430225	炎陵县
2029	湖南省	430281	醴陵市
2030	湖南省	430299	株洲市市本级
2031	湖南省	430300	湘潭市
2032	湖南省	430302	雨湖区
2033	湖南省	430304	岳塘区
2034	湖南省	430321	湘潭县
2035	湖南省	430381	湘乡市
2036	湖南省	430382	韶山市
2037	湖南省	430399	湘潭市市本级
2038	湖南省	430400	衡阳市
2039	湖南省	430405	珠晖区
2040	湖南省	430406	雁峰区
2041	湖南省	430407	石鼓区
2042	湖南省	430408	蒸湘区
2043	湖南省	430412	南岳区
2044	湖南省	430421	衡阳县
2045	湖南省	430422	衡南县
2046	湖南省	430423	衡山县
2047	湖南省	430424	衡东县
2048	湖南省	430426	祁东县
2049	湖南省	430481	耒阳市
2050	湖南省	430482	常宁市
2051	湖南省	430499	衡阳市市本级
2052	湖南省	430500	邵阳市
2053	湖南省	430502	双清区
2054	湖南省	430503	大祥区
2055	湖南省	430511	北塔区
2056	湖南省	430521	邵东县
2057	湖南省	430522	新邵县
2058	湖南省	430523	邵阳县
2059	湖南省	430524	隆回县
2060	湖南省	430525	洞口县
2061	湖南省	430527	绥宁县
2062	湖南省	430528	新宁县
2063	湖南省	430529	城步苗族自治县
2064	湖南省	430581	武冈市
2065	湖南省	430599	邵阳市市本级
2066	湖南省	430600	岳阳市
2067	湖南省	430602	岳阳楼区
2068	湖南省	430603	云溪区
2069	湖南省	430611	君山区
2070	湖南省	430621	岳阳县
2071	湖南省	430623	华容县
2072	湖南省	430624	湘阴县
2073	湖南省	430626	平江县
2074	湖南省	430681	汨罗市
2075	湖南省	430682	临湘市
2076	湖南省	430699	岳阳市市本级
2077	湖南省	430700	常德市
2078	湖南省	430702	武陵区
2079	湖南省	430703	鼎城区
2080	湖南省	430721	安乡县
2081	湖南省	430722	汉寿县
2082	湖南省	430723	澧县
2083	湖南省	430724	临澧县
2084	湖南省	430725	桃源县
2085	湖南省	430726	石门县
2086	湖南省	430781	津市市
2087	湖南省	430799	常德市市本级
2088	湖南省	430800	张家界市
2089	湖南省	430802	永定区
2090	湖南省	430811	武陵源区
2091	湖南省	430821	慈利县
2092	湖南省	430822	桑植县
2093	湖南省	430899	张家界市市本级
2094	湖南省	430900	益阳市
2095	湖南省	430902	资阳区
2096	湖南省	430903	赫山区
2097	湖南省	430921	南县
2098	湖南省	430922	桃江县
2099	湖南省	430923	安化县
2100	湖南省	430981	沅江市
2101	湖南省	430999	益阳市市本级
2102	湖南省	431000	郴州市
2103	湖南省	431002	北湖区
2104	湖南省	431003	苏仙区
2105	湖南省	431021	桂阳县
2106	湖南省	431022	宜章县
2107	湖南省	431023	永兴县
2108	湖南省	431024	嘉禾县
2109	湖南省	431025	临武县
2110	湖南省	431026	汝城县
2111	湖南省	431027	桂东县
2112	湖南省	431028	安仁县
2113	湖南省	431081	资兴市
2114	湖南省	431099	郴州市市本级
2115	湖南省	431100	永州市
2116	湖南省	431102	零陵区
2117	湖南省	431103	冷水滩区
2118	湖南省	431121	祁阳县
2119	湖南省	431122	东安县
2120	湖南省	431123	双牌县
2121	湖南省	431124	道县
2122	湖南省	431125	江永县
2123	湖南省	431126	宁远县
2124	湖南省	431127	蓝山县
2125	湖南省	431128	新田县
2126	湖南省	431129	江华瑶族自治县
2127	湖南省	431199	永州市市本级
2128	湖南省	431200	怀化市
2129	湖南省	431202	鹤城区
2130	湖南省	431221	中方县
2131	湖南省	431222	沅陵县
2132	湖南省	431223	辰溪县
2133	湖南省	431224	溆浦县
2134	湖南省	431225	会同县
2135	湖南省	431226	麻阳苗族自治县
2136	湖南省	431227	新晃侗族自治县
2137	湖南省	431228	芷江侗族自治县
2138	湖南省	431229	靖州苗族侗族自治县
2139	湖南省	431230	通道侗族自治县
2140	湖南省	431281	洪江市
2141	湖南省	431299	怀化市市本级
2142	湖南省	431300	娄底市
2143	湖南省	431302	娄星区
2144	湖南省	431321	双峰县
2145	湖南省	431322	新化县
2146	湖南省	431381	冷水江市
2147	湖南省	431382	涟源市
2148	湖南省	431399	娄底市市本级
2149	湖南省	433100	湘西土家族苗族自治州
2150	湖南省	433101	吉首市
2151	湖南省	433122	泸溪县
2152	湖南省	433123	凤凰县
2153	湖南省	433124	花垣县
2154	湖南省	433125	保靖县
2155	湖南省	433126	古丈县
2156	湖南省	433127	永顺县
2157	湖南省	433130	龙山县
2158	湖南省	433199	湘西土家族苗族自治州州本级
2159	湖南省	439900	湖南省省本级
2160	广东省	440100	广州市
2161	广东省	440103	荔湾区
2162	广东省	440104	越秀区
2163	广东省	440105	海珠区
2164	广东省	440106	天河区
2165	广东省	440111	白云区
2166	广东省	440112	黄埔区
2167	广东省	440113	番禺区
2168	广东省	440114	花都区
2169	广东省	440115	南沙区
2170	广东省	440117	从化区
2171	广东省	440118	增城区
2172	广东省	440199	广州市市本级
2173	广东省	440200	韶关市
2174	广东省	440203	武江区
2175	广东省	440204	浈江区
2176	广东省	440205	曲江区
2177	广东省	440222	始兴县
2178	广东省	440224	仁化县
2179	广东省	440229	翁源县
2180	广东省	440232	乳源瑶族自治县
2181	广东省	440233	新丰县
2182	广东省	440281	乐昌市
2183	广东省	440282	南雄市
2184	广东省	440299	韶关市市本级
2185	广东省	440300	深圳市
2186	广东省	440303	罗湖区
2187	广东省	440304	福田区
2188	广东省	440305	南山区
2189	广东省	440306	宝安区
2190	广东省	440307	龙岗区
2191	广东省	440308	盐田区
2192	广东省	440309	龙华区
2193	广东省	440310	坪山区
2194	广东省	440311	光明区
2195	广东省	440399	深圳市市本级
2196	广东省	440400	珠海市
2197	广东省	440402	香洲区
2198	广东省	440403	斗门区
2199	广东省	440404	金湾区
2200	广东省	440499	珠海市市本级
2201	广东省	440500	汕头市
2202	广东省	440507	龙湖区
2203	广东省	440511	金平区
2204	广东省	440512	濠江区
2205	广东省	440513	潮阳区
2206	广东省	440514	潮南区
2207	广东省	440515	澄海区
2208	广东省	440523	南澳县
2209	广东省	440599	汕头市市本级
2210	广东省	440600	佛山市
2211	广东省	440604	禅城区
2212	广东省	440605	南海区
2213	广东省	440606	顺德区
2214	广东省	440607	三水区
2215	广东省	440608	高明区
2216	广东省	440699	佛山市市本级
2217	广东省	440700	江门市
2218	广东省	440703	蓬江区
2219	广东省	440704	江海区
2220	广东省	440705	新会区
2221	广东省	440781	台山市
2222	广东省	440783	开平市
2223	广东省	440784	鹤山市
2224	广东省	440785	恩平市
2225	广东省	440799	江门市市本级
2226	广东省	440800	湛江市
2227	广东省	440802	赤坎区
2228	广东省	440803	霞山区
2229	广东省	440804	坡头区
2230	广东省	440811	麻章区
2231	广东省	440823	遂溪县
2232	广东省	440825	徐闻县
2233	广东省	440881	廉江市
2234	广东省	440882	雷州市
2235	广东省	440883	吴川市
2236	广东省	440899	湛江市市本级
2237	广东省	440900	茂名市
2238	广东省	440902	茂南区
2239	广东省	440904	电白区
2240	广东省	440981	高州市
2241	广东省	440982	化州市
2242	广东省	440983	信宜市
2243	广东省	440999	茂名市市本级
2244	广东省	441200	肇庆市
2245	广东省	441202	端州区
2246	广东省	441203	鼎湖区
2247	广东省	441204	高要区
2248	广东省	441223	广宁县
2249	广东省	441224	怀集县
2250	广东省	441225	封开县
2251	广东省	441226	德庆县
2252	广东省	441284	四会市
2253	广东省	441299	肇庆市市本级
2254	广东省	441300	惠州市
2255	广东省	441302	惠城区
2256	广东省	441303	惠阳区
2257	广东省	441322	博罗县
2258	广东省	441323	惠东县
2259	广东省	441324	龙门县
2260	广东省	441399	惠州市市本级
2261	广东省	441400	梅州市
2262	广东省	441402	梅江区
2263	广东省	441403	梅县区
2264	广东省	441422	大埔县
2265	广东省	441423	丰顺县
2266	广东省	441424	五华县
2267	广东省	441426	平远县
2268	广东省	441427	蕉岭县
2269	广东省	441481	兴宁市
2270	广东省	441499	梅州市市本级
2271	广东省	441500	汕尾市
2272	广东省	441502	城区
2273	广东省	441521	海丰县
2274	广东省	441523	陆河县
2275	广东省	441581	陆丰市
2276	广东省	441599	汕尾市市本级
2277	广东省	441600	河源市
2278	广东省	441602	源城区
2279	广东省	441621	紫金县
2280	广东省	441622	龙川县
2281	广东省	441623	连平县
2282	广东省	441624	和平县
2283	广东省	441625	东源县
2284	广东省	441699	河源市市本级
2285	广东省	441700	阳江市
2286	广东省	441702	江城区
2287	广东省	441704	阳东区
2288	广东省	441721	阳西县
2289	广东省	441781	阳春市
2290	广东省	441799	阳江市市本级
2291	广东省	441800	清远市
2292	广东省	441802	清城区
2293	广东省	441803	清新区
2294	广东省	441821	佛冈县
2295	广东省	441823	阳山县
2296	广东省	441825	连山壮族瑶族自治县
2297	广东省	441826	连南瑶族自治县
2298	广东省	441881	英德市
2299	广东省	441882	连州市
2300	广东省	441899	清远市市本级
2301	广东省	441900	东莞市
2302	广东省	441999	东莞市市本级
2303	广东省	442000	中山市
2304	广东省	442099	中山市市本级
2305	广东省	445100	潮州市
2306	广东省	445102	湘桥区
2307	广东省	445103	潮安区
2308	广东省	445122	饶平县
2309	广东省	445199	潮州市市本级
2310	广东省	445200	揭阳市
2311	广东省	445202	榕城区
2312	广东省	445203	揭东区
2313	广东省	445222	揭西县
2314	广东省	445224	惠来县
2315	广东省	445281	普宁市
2316	广东省	445299	揭阳市市本级
2317	广东省	445300	云浮市
2318	广东省	445302	云城区
2319	广东省	445303	云安区
2320	广东省	445321	新兴县
2321	广东省	445322	郁南县
2322	广东省	445381	罗定市
2323	广东省	445399	云浮市市本级
2324	广东省	449900	广东省省本级
2325	广西壮族自治区	450100	南宁市
2326	广西壮族自治区	450102	兴宁区
2327	广西壮族自治区	450103	青秀区
2328	广西壮族自治区	450105	江南区
2329	广西壮族自治区	450107	西乡塘区
2330	广西壮族自治区	450108	良庆区
2331	广西壮族自治区	450109	邕宁区
2332	广西壮族自治区	450110	武鸣区
2333	广西壮族自治区	450123	隆安县
2334	广西壮族自治区	450124	马山县
2335	广西壮族自治区	450125	上林县
2336	广西壮族自治区	450126	宾阳县
2337	广西壮族自治区	450127	横县
2338	广西壮族自治区	450199	南宁市市本级
2339	广西壮族自治区	450200	柳州市
2340	广西壮族自治区	450202	城中区
2341	广西壮族自治区	450203	鱼峰区
2342	广西壮族自治区	450204	柳南区
2343	广西壮族自治区	450205	柳北区
2344	广西壮族自治区	450206	柳江区
2345	广西壮族自治区	450222	柳城县
2346	广西壮族自治区	450223	鹿寨县
2347	广西壮族自治区	450224	融安县
2348	广西壮族自治区	450225	融水苗族自治县
2349	广西壮族自治区	450226	三江侗族自治县
2350	广西壮族自治区	450299	柳州市市本级
2351	广西壮族自治区	450300	桂林市
2352	广西壮族自治区	450302	秀峰区
2353	广西壮族自治区	450303	叠彩区
2354	广西壮族自治区	450304	象山区
2355	广西壮族自治区	450305	七星区
2356	广西壮族自治区	450311	雁山区
2357	广西壮族自治区	450312	临桂区
2358	广西壮族自治区	450321	阳朔县
2359	广西壮族自治区	450323	灵川县
2360	广西壮族自治区	450324	全州县
2361	广西壮族自治区	450325	兴安县
2362	广西壮族自治区	450326	永福县
2363	广西壮族自治区	450327	灌阳县
2364	广西壮族自治区	450328	龙胜各族自治县
2365	广西壮族自治区	450329	资源县
2366	广西壮族自治区	450330	平乐县
2367	广西壮族自治区	450332	恭城瑶族自治县
2368	广西壮族自治区	450381	荔浦市
2369	广西壮族自治区	450399	桂林市市本级
2370	广西壮族自治区	450400	梧州市
2371	广西壮族自治区	450403	万秀区
2372	广西壮族自治区	450405	长洲区
2373	广西壮族自治区	450406	龙圩区
2374	广西壮族自治区	450421	苍梧县
2375	广西壮族自治区	450422	藤县
2376	广西壮族自治区	450423	蒙山县
2377	广西壮族自治区	450481	岑溪市
2378	广西壮族自治区	450499	梧州市市本级
2379	广西壮族自治区	450500	北海市
2380	广西壮族自治区	450502	海城区
2381	广西壮族自治区	450503	银海区
2382	广西壮族自治区	450512	铁山港区
2383	广西壮族自治区	450521	合浦县
2384	广西壮族自治区	450599	北海市市本级
2385	广西壮族自治区	450600	防城港市
2386	广西壮族自治区	450602	港口区
2387	广西壮族自治区	450603	防城区
2388	广西壮族自治区	450621	上思县
2389	广西壮族自治区	450681	东兴市
2390	广西壮族自治区	450699	防城港市市本级
2391	广西壮族自治区	450700	钦州市
2392	广西壮族自治区	450702	钦南区
2393	广西壮族自治区	450703	钦北区
2394	广西壮族自治区	450721	灵山县
2395	广西壮族自治区	450722	浦北县
2396	广西壮族自治区	450799	钦州市市本级
2397	广西壮族自治区	450800	贵港市
2398	广西壮族自治区	450802	港北区
2399	广西壮族自治区	450803	港南区
2400	广西壮族自治区	450804	覃塘区
2401	广西壮族自治区	450821	平南县
2402	广西壮族自治区	450881	桂平市
2403	广西壮族自治区	450899	贵港市市本级
2404	广西壮族自治区	450900	玉林市
2405	广西壮族自治区	450902	玉州区
2406	广西壮族自治区	450903	福绵区
2407	广西壮族自治区	450921	容县
2408	广西壮族自治区	450922	陆川县
2409	广西壮族自治区	450923	博白县
2410	广西壮族自治区	450924	兴业县
2411	广西壮族自治区	450981	北流市
2412	广西壮族自治区	450999	玉林市市本级
2413	广西壮族自治区	451000	百色市
2414	广西壮族自治区	451002	右江区
2415	广西壮族自治区	451021	田阳县
2416	广西壮族自治区	451022	田东县
2417	广西壮族自治区	451023	平果县
2418	广西壮族自治区	451024	德保县
2419	广西壮族自治区	451026	那坡县
2420	广西壮族自治区	451027	凌云县
2421	广西壮族自治区	451028	乐业县
2422	广西壮族自治区	451029	田林县
2423	广西壮族自治区	451030	西林县
2424	广西壮族自治区	451031	隆林各族自治县
2425	广西壮族自治区	451081	靖西市
2426	广西壮族自治区	451099	百色市市本级
2427	广西壮族自治区	451100	贺州市
2428	广西壮族自治区	451102	八步区
2429	广西壮族自治区	451103	平桂区
2430	广西壮族自治区	451121	昭平县
2431	广西壮族自治区	451122	钟山县
2432	广西壮族自治区	451123	富川瑶族自治县
2433	广西壮族自治区	451199	贺州市市本级
2434	广西壮族自治区	451200	河池市
2435	广西壮族自治区	451202	金城江区
2436	广西壮族自治区	451203	宜州区
2437	广西壮族自治区	451221	南丹县
2438	广西壮族自治区	451222	天峨县
2439	广西壮族自治区	451223	凤山县
2440	广西壮族自治区	451224	东兰县
2441	广西壮族自治区	451225	罗城仫佬族自治县
2442	广西壮族自治区	451226	环江毛南族自治县
2443	广西壮族自治区	451227	巴马瑶族自治县
2444	广西壮族自治区	451228	都安瑶族自治县
2445	广西壮族自治区	451229	大化瑶族自治县
2446	广西壮族自治区	451299	河池市市本级
2447	广西壮族自治区	451300	来宾市
2448	广西壮族自治区	451302	兴宾区
2449	广西壮族自治区	451321	忻城县
2450	广西壮族自治区	451322	象州县
2451	广西壮族自治区	451323	武宣县
2452	广西壮族自治区	451324	金秀瑶族自治县
2453	广西壮族自治区	451381	合山市
2454	广西壮族自治区	451399	来宾市市本级
2455	广西壮族自治区	451400	崇左市
2456	广西壮族自治区	451402	江州区
2457	广西壮族自治区	451421	扶绥县
2458	广西壮族自治区	451422	宁明县
2459	广西壮族自治区	451423	龙州县
2460	广西壮族自治区	451424	大新县
2461	广西壮族自治区	451425	天等县
2462	广西壮族自治区	451481	凭祥市
2463	广西壮族自治区	451499	崇左市市本级
2464	广西壮族自治区	459900	广西壮族自治区区本级
2465	海南省	460100	海口市
2466	海南省	460105	秀英区
2467	海南省	460106	龙华区
2468	海南省	460107	琼山区
2469	海南省	460108	美兰区
2470	海南省	460199	海口市市本级
2471	海南省	460200	三亚市
2472	海南省	460202	海棠区
2473	海南省	460203	吉阳区
2474	海南省	460204	天涯区
2475	海南省	460205	崖州区
2476	海南省	460299	三亚市市本级
2477	海南省	460300	三沙市
2478	海南省	460399	三沙市市本级
2479	海南省	460400	儋州市
2480	海南省	460499	儋州市市本级
2481	海南省	469001	五指山市
2482	海南省	469002	琼海市
2483	海南省	469005	文昌市
2484	海南省	469006	万宁市
2485	海南省	469007	东方市
2486	海南省	469021	定安县
2487	海南省	469022	屯昌县
2488	海南省	469023	澄迈县
2489	海南省	469024	临高县
2490	海南省	469025	白沙黎族自治县
2491	海南省	469026	昌江黎族自治县
2492	海南省	469027	乐东黎族自治县
2493	海南省	469028	陵水黎族自治县
2494	海南省	469029	保亭黎族苗族自治县
2495	海南省	469030	琼中黎族苗族自治县
2496	海南省	469900	海南省省本级
2497	重庆市	500101	万州区
2498	重庆市	500102	涪陵区
2499	重庆市	500103	渝中区
2500	重庆市	500104	大渡口区
2501	重庆市	500105	江北区
2502	重庆市	500106	沙坪坝区
2503	重庆市	500107	九龙坡区
2504	重庆市	500108	南岸区
2505	重庆市	500109	北碚区
2506	重庆市	500110	綦江区
2507	重庆市	500111	大足区
2508	重庆市	500112	渝北区
2509	重庆市	500113	巴南区
2510	重庆市	500114	黔江区
2511	重庆市	500115	长寿区
2512	重庆市	500116	江津区
2513	重庆市	500117	合川区
2514	重庆市	500118	永川区
2515	重庆市	500119	南川区
2516	重庆市	500120	璧山区
2517	重庆市	500151	铜梁区
2518	重庆市	500152	潼南区
2519	重庆市	500153	荣昌区
2520	重庆市	500154	开州区
2521	重庆市	500155	梁平区
2522	重庆市	500156	武隆区
2523	重庆市	500229	城口县
2524	重庆市	500230	丰都县
2525	重庆市	500231	垫江县
2526	重庆市	500233	忠县
2527	重庆市	500235	云阳县
2528	重庆市	500236	奉节县
2529	重庆市	500237	巫山县
2530	重庆市	500238	巫溪县
2531	重庆市	500240	石柱土家族自治县
2532	重庆市	500241	秀山土家族苗族自治县
2533	重庆市	500242	酉阳土家族苗族自治县
2534	重庆市	500243	彭水苗族土家族自治县
2535	重庆市	509900	重庆市市本级
2536	四川省	510100	成都市
2537	四川省	510104	锦江区
2538	四川省	510105	青羊区
2539	四川省	510106	金牛区
2540	四川省	510107	武侯区
2541	四川省	510108	成华区
2542	四川省	510112	龙泉驿区
2543	四川省	510113	青白江区
2544	四川省	510114	新都区
2545	四川省	510115	温江区
2546	四川省	510116	双流区
2547	四川省	510117	郫都区
2548	四川省	510121	金堂县
2549	四川省	510129	大邑县
2550	四川省	510131	蒲江县
2551	四川省	510132	新津县
2552	四川省	510181	都江堰市
2553	四川省	510182	彭州市
2554	四川省	510183	邛崃市
2555	四川省	510184	崇州市
2556	四川省	510185	简阳市
2557	四川省	510199	成都市市本级
2558	四川省	510300	自贡市
2559	四川省	510302	自流井区
2560	四川省	510303	贡井区
2561	四川省	510304	大安区
2562	四川省	510311	沿滩区
2563	四川省	510321	荣县
2564	四川省	510322	富顺县
2565	四川省	510399	自贡市市本级
2566	四川省	510400	攀枝花市
2567	四川省	510402	东区
2568	四川省	510403	西区
2569	四川省	510411	仁和区
2570	四川省	510421	米易县
2571	四川省	510422	盐边县
2572	四川省	510499	攀枝花市市本级
2573	四川省	510500	泸州市
2574	四川省	510502	江阳区
2575	四川省	510503	纳溪区
2576	四川省	510504	龙马潭区
2577	四川省	510521	泸县
2578	四川省	510522	合江县
2579	四川省	510524	叙永县
2580	四川省	510525	古蔺县
2581	四川省	510599	泸州市市本级
2582	四川省	510600	德阳市
2583	四川省	510603	旌阳区
2584	四川省	510604	罗江区
2585	四川省	510623	中江县
2586	四川省	510681	广汉市
2587	四川省	510682	什邡市
2588	四川省	510683	绵竹市
2589	四川省	510699	德阳市市本级
2590	四川省	510700	绵阳市
2591	四川省	510703	涪城区
2592	四川省	510704	游仙区
2593	四川省	510705	安州区
2594	四川省	510722	三台县
2595	四川省	510723	盐亭县
2596	四川省	510725	梓潼县
2597	四川省	510726	北川羌族自治县
2598	四川省	510727	平武县
2599	四川省	510781	江油市
2600	四川省	510799	绵阳市市本级
2601	四川省	510800	广元市
2602	四川省	510802	利州区
2603	四川省	510811	昭化区
2604	四川省	510812	朝天区
2605	四川省	510821	旺苍县
2606	四川省	510822	青川县
2607	四川省	510823	剑阁县
2608	四川省	510824	苍溪县
2609	四川省	510899	广元市市本级
2610	四川省	510900	遂宁市
2611	四川省	510903	船山区
2612	四川省	510904	安居区
2613	四川省	510921	蓬溪县
2614	四川省	510922	射洪县
2615	四川省	510923	大英县
2616	四川省	510999	遂宁市市本级
2617	四川省	511000	内江市
2618	四川省	511002	市中区
2619	四川省	511011	东兴区
2620	四川省	511024	威远县
2621	四川省	511025	资中县
2622	四川省	511083	隆昌市
2623	四川省	511099	内江市市本级
2624	四川省	511100	乐山市
2625	四川省	511102	市中区
2626	四川省	511111	沙湾区
2627	四川省	511112	五通桥区
2628	四川省	511113	金口河区
2629	四川省	511123	犍为县
2630	四川省	511124	井研县
2631	四川省	511126	夹江县
2632	四川省	511129	沐川县
2633	四川省	511132	峨边彝族自治县
2634	四川省	511133	马边彝族自治县
2635	四川省	511181	峨眉山市
2636	四川省	511199	乐山市市本级
2637	四川省	511300	南充市
2638	四川省	511302	顺庆区
2639	四川省	511303	高坪区
2640	四川省	511304	嘉陵区
2641	四川省	511321	南部县
2642	四川省	511322	营山县
2643	四川省	511323	蓬安县
2644	四川省	511324	仪陇县
2645	四川省	511325	西充县
2646	四川省	511381	阆中市
2647	四川省	511399	南充市市本级
2648	四川省	511400	眉山市
2649	四川省	511402	东坡区
2650	四川省	511403	彭山区
2651	四川省	511421	仁寿县
2652	四川省	511423	洪雅县
2653	四川省	511424	丹棱县
2654	四川省	511425	青神县
2655	四川省	511499	眉山市市本级
2656	四川省	511500	宜宾市
2657	四川省	511502	翠屏区
2658	四川省	511503	南溪区
2659	四川省	511504	叙州区
2660	四川省	511523	江安县
2661	四川省	511524	长宁县
2662	四川省	511525	高县
2663	四川省	511526	珙县
2664	四川省	511527	筠连县
2665	四川省	511528	兴文县
2666	四川省	511529	屏山县
2667	四川省	511599	宜宾市市本级
2668	四川省	511600	广安市
2669	四川省	511602	广安区
2670	四川省	511603	前锋区
2671	四川省	511621	岳池县
2672	四川省	511622	武胜县
2673	四川省	511623	邻水县
2674	四川省	511681	华蓥市
2675	四川省	511699	广安市市本级
2676	四川省	511700	达州市
2677	四川省	511702	通川区
2678	四川省	511703	达川区
2679	四川省	511722	宣汉县
2680	四川省	511723	开江县
2681	四川省	511724	大竹县
2682	四川省	511725	渠县
2683	四川省	511781	万源市
2684	四川省	511799	达州市市本级
2685	四川省	511800	雅安市
2686	四川省	511802	雨城区
2687	四川省	511803	名山区
2688	四川省	511822	荥经县
2689	四川省	511823	汉源县
2690	四川省	511824	石棉县
2691	四川省	511825	天全县
2692	四川省	511826	芦山县
2693	四川省	511827	宝兴县
2694	四川省	511899	雅安市市本级
2695	四川省	511900	巴中市
2696	四川省	511902	巴州区
2697	四川省	511903	恩阳区
2698	四川省	511921	通江县
2699	四川省	511922	南江县
2700	四川省	511923	平昌县
2701	四川省	511999	巴中市市本级
2702	四川省	512000	资阳市
2703	四川省	512002	雁江区
2704	四川省	512021	安岳县
2705	四川省	512022	乐至县
2706	四川省	512099	资阳市市本级
2707	四川省	513200	阿坝藏族羌族自治州
2708	四川省	513201	马尔康市
2709	四川省	513221	汶川县
2710	四川省	513222	理县
2711	四川省	513223	茂县
2712	四川省	513224	松潘县
2713	四川省	513225	九寨沟县
2714	四川省	513226	金川县
2715	四川省	513227	小金县
2716	四川省	513228	黑水县
2717	四川省	513230	壤塘县
2718	四川省	513231	阿坝县
2719	四川省	513232	若尔盖县
2720	四川省	513233	红原县
2721	四川省	513299	阿坝藏族羌族自治州州本级
2722	四川省	513300	甘孜藏族自治州
2723	四川省	513301	康定市
2724	四川省	513322	泸定县
2725	四川省	513323	丹巴县
2726	四川省	513324	九龙县
2727	四川省	513325	雅江县
2728	四川省	513326	道孚县
2729	四川省	513327	炉霍县
2730	四川省	513328	甘孜县
2731	四川省	513329	新龙县
2732	四川省	513330	德格县
2733	四川省	513331	白玉县
2734	四川省	513332	石渠县
2735	四川省	513333	色达县
2736	四川省	513334	理塘县
2737	四川省	513335	巴塘县
2738	四川省	513336	乡城县
2739	四川省	513337	稻城县
2740	四川省	513338	得荣县
2741	四川省	513399	甘孜藏族自治州州本级
2742	四川省	513400	凉山彝族自治州
2743	四川省	513401	西昌市
2744	四川省	513422	木里藏族自治县
2745	四川省	513423	盐源县
2746	四川省	513424	德昌县
2747	四川省	513425	会理县
2748	四川省	513426	会东县
2749	四川省	513427	宁南县
2750	四川省	513428	普格县
2751	四川省	513429	布拖县
2752	四川省	513430	金阳县
2753	四川省	513431	昭觉县
2754	四川省	513432	喜德县
2755	四川省	513433	冕宁县
2756	四川省	513434	越西县
2757	四川省	513435	甘洛县
2758	四川省	513436	美姑县
2759	四川省	513437	雷波县
2760	四川省	513499	凉山彝族自治州市本级
2761	四川省	519900	四川省省本级
2762	贵州省	520100	贵阳市
2763	贵州省	520102	南明区
2764	贵州省	520103	云岩区
2765	贵州省	520111	花溪区
2766	贵州省	520112	乌当区
2767	贵州省	520113	白云区
2768	贵州省	520115	观山湖区
2769	贵州省	520121	开阳县
2770	贵州省	520122	息烽县
2771	贵州省	520123	修文县
2772	贵州省	520181	清镇市
2773	贵州省	520199	贵阳市市本级
2774	贵州省	520200	六盘水市
2775	贵州省	520201	钟山区
2776	贵州省	520203	六枝特区
2777	贵州省	520221	水城县
2778	贵州省	520281	盘州市
2779	贵州省	520299	六盘水市市本级
2780	贵州省	520300	遵义市
2781	贵州省	520302	红花岗区
2782	贵州省	520303	汇川区
2783	贵州省	520304	播州区
2784	贵州省	520322	桐梓县
2785	贵州省	520323	绥阳县
2786	贵州省	520324	正安县
2787	贵州省	520325	道真仡佬族苗族自治县
2788	贵州省	520326	务川仡佬族苗族自治县
2789	贵州省	520327	凤冈县
2790	贵州省	520328	湄潭县
2791	贵州省	520329	余庆县
2792	贵州省	520330	习水县
2793	贵州省	520381	赤水市
2794	贵州省	520382	仁怀市
2795	贵州省	520399	遵义市市本级
2796	贵州省	520400	安顺市
2797	贵州省	520402	西秀区
2798	贵州省	520403	平坝区
2799	贵州省	520422	普定县
2800	贵州省	520423	镇宁布依族苗族自治县
2801	贵州省	520424	关岭布依族苗族自治县
2802	贵州省	520425	紫云苗族布依族自治县
2803	贵州省	520499	安顺市市本级
2804	贵州省	520500	毕节市
2805	贵州省	520502	七星关区
2806	贵州省	520521	大方县
2807	贵州省	520522	黔西县
2808	贵州省	520523	金沙县
2809	贵州省	520524	织金县
2810	贵州省	520525	纳雍县
2811	贵州省	520526	威宁彝族回族苗族自治县
2812	贵州省	520527	赫章县
2813	贵州省	520599	毕节市市本级
2814	贵州省	520600	铜仁市
2815	贵州省	520602	碧江区
2816	贵州省	520603	万山区
2817	贵州省	520621	江口县
2818	贵州省	520622	玉屏侗族自治县
2819	贵州省	520623	石阡县
2820	贵州省	520624	思南县
2821	贵州省	520625	印江土家族苗族自治县
2822	贵州省	520626	德江县
2823	贵州省	520627	沿河土家族自治县
2824	贵州省	520628	松桃苗族自治县
2825	贵州省	520699	铜仁市市本级
2826	贵州省	522300	黔西南布依族苗族自治州
2827	贵州省	522301	兴义市
2828	贵州省	522302	兴仁市
2829	贵州省	522323	普安县
2830	贵州省	522324	晴隆县
2831	贵州省	522325	贞丰县
2832	贵州省	522326	望谟县
2833	贵州省	522327	册亨县
2834	贵州省	522328	安龙县
2835	贵州省	522399	黔西南布依族苗族自治州州本级
2836	贵州省	522600	黔东南苗族侗族自治州
2837	贵州省	522601	凯里市
2838	贵州省	522622	黄平县
2839	贵州省	522623	施秉县
2840	贵州省	522624	三穗县
2841	贵州省	522625	镇远县
2842	贵州省	522626	岑巩县
2843	贵州省	522627	天柱县
2844	贵州省	522628	锦屏县
2845	贵州省	522629	剑河县
2846	贵州省	522630	台江县
2847	贵州省	522631	黎平县
2848	贵州省	522632	榕江县
2849	贵州省	522633	从江县
2850	贵州省	522634	雷山县
2851	贵州省	522635	麻江县
2852	贵州省	522636	丹寨县
2853	贵州省	522699	黔东南苗族侗族自治州州本级
2854	贵州省	522700	黔南布依族苗族自治州
2855	贵州省	522701	都匀市
2856	贵州省	522702	福泉市
2857	贵州省	522722	荔波县
2858	贵州省	522723	贵定县
2859	贵州省	522725	瓮安县
2860	贵州省	522726	独山县
2861	贵州省	522727	平塘县
2862	贵州省	522728	罗甸县
2863	贵州省	522729	长顺县
2864	贵州省	522730	龙里县
2865	贵州省	522731	惠水县
2866	贵州省	522732	三都水族自治县
2867	贵州省	522799	黔南布依族苗族自治州州本级
2868	贵州省	529900	贵州省省本级
2869	云南省	530100	昆明市
2870	云南省	530102	五华区
2871	云南省	530103	盘龙区
2872	云南省	530111	官渡区
2873	云南省	530112	西山区
2874	云南省	530113	东川区
2875	云南省	530114	呈贡区
2876	云南省	530115	晋宁区
2877	云南省	530124	富民县
2878	云南省	530125	宜良县
2879	云南省	530126	石林彝族自治县
2880	云南省	530127	嵩明县
2881	云南省	530128	禄劝彝族苗族自治县
2882	云南省	530129	寻甸回族彝族自治县
2883	云南省	530181	安宁市
2884	云南省	530199	昆明市市本级
2885	云南省	530300	曲靖市
2886	云南省	530302	麒麟区
2887	云南省	530303	沾益区
2888	云南省	530304	马龙区
2889	云南省	530322	陆良县
2890	云南省	530323	师宗县
2891	云南省	530324	罗平县
2892	云南省	530325	富源县
2893	云南省	530326	会泽县
2894	云南省	530381	宣威市
2895	云南省	530399	曲靖市市本级
2896	云南省	530400	玉溪市
2897	云南省	530402	红塔区
2898	云南省	530403	江川区
2899	云南省	530422	澄江县
2900	云南省	530423	通海县
2901	云南省	530424	华宁县
2902	云南省	530425	易门县
2903	云南省	530426	峨山彝族自治县
2904	云南省	530427	新平彝族傣族自治县
2905	云南省	530428	元江哈尼族彝族傣族自治县
2906	云南省	530499	玉溪市市本级
2907	云南省	530500	保山市
2908	云南省	530502	隆阳区
2909	云南省	530521	施甸县
2910	云南省	530523	龙陵县
2911	云南省	530524	昌宁县
2912	云南省	530581	腾冲市
2913	云南省	530599	保山市市本级
2914	云南省	530600	昭通市
2915	云南省	530602	昭阳区
2916	云南省	530621	鲁甸县
2917	云南省	530622	巧家县
2918	云南省	530623	盐津县
2919	云南省	530624	大关县
2920	云南省	530625	永善县
2921	云南省	530626	绥江县
2922	云南省	530627	镇雄县
2923	云南省	530628	彝良县
2924	云南省	530629	威信县
2925	云南省	530681	水富市
2926	云南省	530699	昭通市市本级
2927	云南省	530700	丽江市
2928	云南省	530702	古城区
2929	云南省	530721	玉龙纳西族自治县
2930	云南省	530722	永胜县
2931	云南省	530723	华坪县
2932	云南省	530724	宁蒗彝族自治县
2933	云南省	530799	丽江市市本级
2934	云南省	530800	普洱市
2935	云南省	530802	思茅区
2936	云南省	530821	宁洱哈尼族彝族自治县
2937	云南省	530822	墨江哈尼族自治县
2938	云南省	530823	景东彝族自治县
2939	云南省	530824	景谷傣族彝族自治县
2940	云南省	530825	镇沅彝族哈尼族拉祜族自治县
2941	云南省	530826	江城哈尼族彝族自治县
2942	云南省	530827	孟连傣族拉祜族佤族自治县
2943	云南省	530828	澜沧拉祜族自治县
2944	云南省	530829	西盟佤族自治县
2945	云南省	530899	普洱市市本级
2946	云南省	530900	临沧市
2947	云南省	530902	临翔区
2948	云南省	530921	凤庆县
2949	云南省	530922	云县
2950	云南省	530923	永德县
2951	云南省	530924	镇康县
2952	云南省	530925	双江拉祜族佤族布朗族傣族自治县
2953	云南省	530926	耿马傣族佤族自治县
2954	云南省	530927	沧源佤族自治县
2955	云南省	530999	临沧市市本级
2956	云南省	532300	楚雄彝族自治州
2957	云南省	532301	楚雄市
2958	云南省	532322	双柏县
2959	云南省	532323	牟定县
2960	云南省	532324	南华县
2961	云南省	532325	姚安县
2962	云南省	532326	大姚县
2963	云南省	532327	永仁县
2964	云南省	532328	元谋县
2965	云南省	532329	武定县
2966	云南省	532331	禄丰县
2967	云南省	532399	楚雄彝族自治州州本级
2968	云南省	532500	红河哈尼族彝族自治州
2969	云南省	532501	个旧市
2970	云南省	532502	开远市
2971	云南省	532503	蒙自市
2972	云南省	532504	弥勒市
2973	云南省	532523	屏边苗族自治县
2974	云南省	532524	建水县
2975	云南省	532525	石屏县
2976	云南省	532527	泸西县
2977	云南省	532528	元阳县
2978	云南省	532529	红河县
2979	云南省	532530	金平苗族瑶族傣族自治县
2980	云南省	532531	绿春县
2981	云南省	532532	河口瑶族自治县
2982	云南省	532599	红河哈尼族彝族自治州州本级
2983	云南省	532600	文山壮族苗族自治州
2984	云南省	532601	文山市
2985	云南省	532622	砚山县
2986	云南省	532623	西畴县
2987	云南省	532624	麻栗坡县
2988	云南省	532625	马关县
2989	云南省	532626	丘北县
2990	云南省	532627	广南县
2991	云南省	532628	富宁县
2992	云南省	532699	文山壮族苗族自治州州本级
2993	云南省	532800	西双版纳傣族自治州
2994	云南省	532801	景洪市
2995	云南省	532822	勐海县
2996	云南省	532823	勐腊县
2997	云南省	532899	西双版纳傣族自治州州本级
2998	云南省	532900	大理白族自治州
2999	云南省	532901	大理市
3000	云南省	532922	漾濞彝族自治县
3001	云南省	532923	祥云县
3002	云南省	532924	宾川县
3003	云南省	532925	弥渡县
3004	云南省	532926	南涧彝族自治县
3005	云南省	532927	巍山彝族回族自治县
3006	云南省	532928	永平县
3007	云南省	532929	云龙县
3008	云南省	532930	洱源县
3009	云南省	532931	剑川县
3010	云南省	532932	鹤庆县
3011	云南省	532999	大理白族自治州州本级
3012	云南省	533100	德宏傣族景颇族自治州
3013	云南省	533102	瑞丽市
3014	云南省	533103	芒市
3015	云南省	533122	梁河县
3016	云南省	533123	盈江县
3017	云南省	533124	陇川县
3018	云南省	533199	德宏傣族景颇族自治州州本级
3019	云南省	533300	怒江傈僳族自治州
3020	云南省	533301	泸水市
3021	云南省	533323	福贡县
3022	云南省	533324	贡山独龙族怒族自治县
3023	云南省	533325	兰坪白族普米族自治县
3024	云南省	533399	怒江傈僳族自治州州本级
3025	云南省	533400	迪庆藏族自治州
3026	云南省	533401	香格里拉市
3027	云南省	533422	德钦县
3028	云南省	533423	维西傈僳族自治县
3029	云南省	533499	迪庆藏族自治州州本级
3030	云南省	539900	云南省省本级
3031	西藏自治区	540100	拉萨市
3032	西藏自治区	540102	城关区
3033	西藏自治区	540103	堆龙德庆区
3034	西藏自治区	540104	达孜区
3035	西藏自治区	540121	林周县
3036	西藏自治区	540122	当雄县
3037	西藏自治区	540123	尼木县
3038	西藏自治区	540124	曲水县
3039	西藏自治区	540127	墨竹工卡县
3040	西藏自治区	540199	拉萨市市本级
3041	西藏自治区	540200	日喀则市
3042	西藏自治区	540202	桑珠孜区
3043	西藏自治区	540221	南木林县
3044	西藏自治区	540222	江孜县
3045	西藏自治区	540223	定日县
3046	西藏自治区	540224	萨迦县
3047	西藏自治区	540225	拉孜县
3048	西藏自治区	540226	昂仁县
3049	西藏自治区	540227	谢通门县
3050	西藏自治区	540228	白朗县
3051	西藏自治区	540229	仁布县
3052	西藏自治区	540230	康马县
3053	西藏自治区	540231	定结县
3054	西藏自治区	540232	仲巴县
3055	西藏自治区	540233	亚东县
3056	西藏自治区	540234	吉隆县
3057	西藏自治区	540235	聂拉木县
3058	西藏自治区	540236	萨嘎县
3059	西藏自治区	540237	岗巴县
3060	西藏自治区	540299	日喀则市市本级
3061	西藏自治区	540300	昌都市
3062	西藏自治区	540302	卡若区
3063	西藏自治区	540321	江达县
3064	西藏自治区	540322	贡觉县
3065	西藏自治区	540323	类乌齐县
3066	西藏自治区	540324	丁青县
3067	西藏自治区	540325	察雅县
3068	西藏自治区	540326	八宿县
3069	西藏自治区	540327	左贡县
3070	西藏自治区	540328	芒康县
3071	西藏自治区	540329	洛隆县
3072	西藏自治区	540330	边坝县
3073	西藏自治区	540399	昌都市市本级
3074	西藏自治区	540400	林芝市
3075	西藏自治区	540402	巴宜区
3076	西藏自治区	540421	工布江达县
3077	西藏自治区	540422	米林县
3078	西藏自治区	540423	墨脱县
3079	西藏自治区	540424	波密县
3080	西藏自治区	540425	察隅县
3081	西藏自治区	540426	朗县
3082	西藏自治区	540499	林芝市市本级
3083	西藏自治区	540500	山南市
3084	西藏自治区	540502	乃东区
3085	西藏自治区	540521	扎囊县
3086	西藏自治区	540522	贡嘎县
3087	西藏自治区	540523	桑日县
3088	西藏自治区	540524	琼结县
3089	西藏自治区	540525	曲松县
3090	西藏自治区	540526	措美县
3091	西藏自治区	540527	洛扎县
3092	西藏自治区	540528	加查县
3093	西藏自治区	540529	隆子县
3094	西藏自治区	540530	错那县
3095	西藏自治区	540531	浪卡子县
3096	西藏自治区	540599	山南市市本级
3097	西藏自治区	540600	那曲市
3098	西藏自治区	540602	色尼区
3099	西藏自治区	540621	嘉黎县
3100	西藏自治区	540622	比如县
3101	西藏自治区	540623	聂荣县
3102	西藏自治区	540624	安多县
3103	西藏自治区	540625	申扎县
3104	西藏自治区	540626	索县
3105	西藏自治区	540627	班戈县
3106	西藏自治区	540628	巴青县
3107	西藏自治区	540629	尼玛县
3108	西藏自治区	540630	双湖县
3109	西藏自治区	540699	那曲市市本级
3110	西藏自治区	542500	阿里地区
3111	西藏自治区	542521	普兰县
3112	西藏自治区	542522	札达县
3113	西藏自治区	542523	噶尔县
3114	西藏自治区	542524	日土县
3115	西藏自治区	542525	革吉县
3116	西藏自治区	542526	改则县
3117	西藏自治区	542527	措勤县
3118	西藏自治区	542599	阿里地区本级
3119	西藏自治区	549900	西藏自治区区本级
3120	陕西省	610100	西安市
3121	陕西省	610102	新城区
3122	陕西省	610103	碑林区
3123	陕西省	610104	莲湖区
3124	陕西省	610111	灞桥区
3125	陕西省	610112	未央区
3126	陕西省	610113	雁塔区
3127	陕西省	610114	阎良区
3128	陕西省	610115	临潼区
3129	陕西省	610116	长安区
3130	陕西省	610117	高陵区
3131	陕西省	610118	鄠邑区
3132	陕西省	610122	蓝田县
3133	陕西省	610124	周至县
3134	陕西省	610199	西安市市本级
3135	陕西省	610200	铜川市
3136	陕西省	610202	王益区
3137	陕西省	610203	印台区
3138	陕西省	610204	耀州区
3139	陕西省	610222	宜君县
3140	陕西省	610299	铜川市市本级
3141	陕西省	610300	宝鸡市
3142	陕西省	610302	渭滨区
3143	陕西省	610303	金台区
3144	陕西省	610304	陈仓区
3145	陕西省	610322	凤翔县
3146	陕西省	610323	岐山县
3147	陕西省	610324	扶风县
3148	陕西省	610326	眉县
3149	陕西省	610327	陇县
3150	陕西省	610328	千阳县
3151	陕西省	610329	麟游县
3152	陕西省	610330	凤县
3153	陕西省	610331	太白县
3154	陕西省	610399	宝鸡市市本级
3155	陕西省	610400	咸阳市
3156	陕西省	610402	秦都区
3157	陕西省	610403	杨陵区
3158	陕西省	610404	渭城区
3159	陕西省	610422	三原县
3160	陕西省	610423	泾阳县
3161	陕西省	610424	乾县
3162	陕西省	610425	礼泉县
3163	陕西省	610426	永寿县
3164	陕西省	610428	长武县
3165	陕西省	610429	旬邑县
3166	陕西省	610430	淳化县
3167	陕西省	610431	武功县
3168	陕西省	610481	兴平市
3169	陕西省	610482	彬州市
3170	陕西省	610499	咸阳市市本级
3171	陕西省	610500	渭南市
3172	陕西省	610502	临渭区
3173	陕西省	610503	华州区
3174	陕西省	610522	潼关县
3175	陕西省	610523	大荔县
3176	陕西省	610524	合阳县
3177	陕西省	610525	澄城县
3178	陕西省	610526	蒲城县
3179	陕西省	610527	白水县
3180	陕西省	610528	富平县
3181	陕西省	610581	韩城市
3182	陕西省	610582	华阴市
3183	陕西省	610599	渭南市市本级
3184	陕西省	610600	延安市
3185	陕西省	610602	宝塔区
3186	陕西省	610603	安塞区
3187	陕西省	610621	延长县
3188	陕西省	610622	延川县
3189	陕西省	610623	子长县
3190	陕西省	610625	志丹县
3191	陕西省	610626	吴起县
3192	陕西省	610627	甘泉县
3193	陕西省	610628	富县
3194	陕西省	610629	洛川县
3195	陕西省	610630	宜川县
3196	陕西省	610631	黄龙县
3197	陕西省	610632	黄陵县
3198	陕西省	610699	延安市市本级
3199	陕西省	610700	汉中市
3200	陕西省	610702	汉台区
3201	陕西省	610703	南郑区
3202	陕西省	610722	城固县
3203	陕西省	610723	洋县
3204	陕西省	610724	西乡县
3205	陕西省	610725	勉县
3206	陕西省	610726	宁强县
3207	陕西省	610727	略阳县
3208	陕西省	610728	镇巴县
3209	陕西省	610729	留坝县
3210	陕西省	610730	佛坪县
3211	陕西省	610799	汉中市市本级
3212	陕西省	610800	榆林市
3213	陕西省	610802	榆阳区
3214	陕西省	610803	横山区
3215	陕西省	610822	府谷县
3216	陕西省	610824	靖边县
3217	陕西省	610825	定边县
3218	陕西省	610826	绥德县
3219	陕西省	610827	米脂县
3220	陕西省	610828	佳县
3221	陕西省	610829	吴堡县
3222	陕西省	610830	清涧县
3223	陕西省	610831	子洲县
3224	陕西省	610881	神木市
3225	陕西省	610899	榆林市市本级
3226	陕西省	610900	安康市
3227	陕西省	610902	汉滨区
3228	陕西省	610921	汉阴县
3229	陕西省	610922	石泉县
3230	陕西省	610923	宁陕县
3231	陕西省	610924	紫阳县
3232	陕西省	610925	岚皋县
3233	陕西省	610926	平利县
3234	陕西省	610927	镇坪县
3235	陕西省	610928	旬阳县
3236	陕西省	610929	白河县
3237	陕西省	610999	安康市市本级
3238	陕西省	611000	商洛市
3239	陕西省	611002	商州区
3240	陕西省	611021	洛南县
3241	陕西省	611022	丹凤县
3242	陕西省	611023	商南县
3243	陕西省	611024	山阳县
3244	陕西省	611025	镇安县
3245	陕西省	611026	柞水县
3246	陕西省	611099	商洛市市本级
3247	陕西省	619900	陕西省省本级
3248	甘肃省	620100	兰州市
3249	甘肃省	620102	城关区
3250	甘肃省	620103	七里河区
3251	甘肃省	620104	西固区
3252	甘肃省	620105	安宁区
3253	甘肃省	620111	红古区
3254	甘肃省	620121	永登县
3255	甘肃省	620122	皋兰县
3256	甘肃省	620123	榆中县
3257	甘肃省	620199	兰州市市本级
3258	甘肃省	620200	嘉峪关市
3259	甘肃省	620299	嘉峪关市市本级
3260	甘肃省	620300	金昌市
3261	甘肃省	620302	金川区
3262	甘肃省	620321	永昌县
3263	甘肃省	620399	金昌市市本级
3264	甘肃省	620400	白银市
3265	甘肃省	620402	白银区
3266	甘肃省	620403	平川区
3267	甘肃省	620421	靖远县
3268	甘肃省	620422	会宁县
3269	甘肃省	620423	景泰县
3270	甘肃省	620499	白银市市本级
3271	甘肃省	620500	天水市
3272	甘肃省	620502	秦州区
3273	甘肃省	620503	麦积区
3274	甘肃省	620521	清水县
3275	甘肃省	620522	秦安县
3276	甘肃省	620523	甘谷县
3277	甘肃省	620524	武山县
3278	甘肃省	620525	张家川回族自治县
3279	甘肃省	620599	天水市市本级
3280	甘肃省	620600	武威市
3281	甘肃省	620602	凉州区
3282	甘肃省	620621	民勤县
3283	甘肃省	620622	古浪县
3284	甘肃省	620623	天祝藏族自治县
3285	甘肃省	620699	武威市市本级
3286	甘肃省	620700	张掖市
3287	甘肃省	620702	甘州区
3288	甘肃省	620721	肃南裕固族自治县
3289	甘肃省	620722	民乐县
3290	甘肃省	620723	临泽县
3291	甘肃省	620724	高台县
3292	甘肃省	620725	山丹县
3293	甘肃省	620799	张掖市市本级
3294	甘肃省	620800	平凉市
3295	甘肃省	620802	崆峒区
3296	甘肃省	620821	泾川县
3297	甘肃省	620822	灵台县
3298	甘肃省	620823	崇信县
3299	甘肃省	620825	庄浪县
3300	甘肃省	620826	静宁县
3301	甘肃省	620881	华亭市
3302	甘肃省	620899	平凉市市本级
3303	甘肃省	620900	酒泉市
3304	甘肃省	620902	肃州区
3305	甘肃省	620921	金塔县
3306	甘肃省	620922	瓜州县
3307	甘肃省	620923	肃北蒙古族自治县
3308	甘肃省	620924	阿克塞哈萨克族自治县
3309	甘肃省	620981	玉门市
3310	甘肃省	620982	敦煌市
3311	甘肃省	620999	酒泉市市本级
3312	甘肃省	621000	庆阳市
3313	甘肃省	621002	西峰区
3314	甘肃省	621021	庆城县
3315	甘肃省	621022	环县
3316	甘肃省	621023	华池县
3317	甘肃省	621024	合水县
3318	甘肃省	621025	正宁县
3319	甘肃省	621026	宁县
3320	甘肃省	621027	镇原县
3321	甘肃省	621099	庆阳市市本级
3322	甘肃省	621100	定西市
3323	甘肃省	621102	安定区
3324	甘肃省	621121	通渭县
3325	甘肃省	621122	陇西县
3326	甘肃省	621123	渭源县
3327	甘肃省	621124	临洮县
3328	甘肃省	621125	漳县
3329	甘肃省	621126	岷县
3330	甘肃省	621199	定西市市本级
3331	甘肃省	621200	陇南市
3332	甘肃省	621202	武都区
3333	甘肃省	621221	成县
3334	甘肃省	621222	文县
3335	甘肃省	621223	宕昌县
3336	甘肃省	621224	康县
3337	甘肃省	621225	西和县
3338	甘肃省	621226	礼县
3339	甘肃省	621227	徽县
3340	甘肃省	621228	两当县
3341	甘肃省	621299	陇南市市本级
3342	甘肃省	622900	临夏回族自治州
3343	甘肃省	622901	临夏市
3344	甘肃省	622921	临夏县
3345	甘肃省	622922	康乐县
3346	甘肃省	622923	永靖县
3347	甘肃省	622924	广河县
3348	甘肃省	622925	和政县
3349	甘肃省	622926	东乡族自治县
3350	甘肃省	622927	积石山保安族东乡族撒拉族自治县
3351	甘肃省	622999	临夏回族自治州州本级
3352	甘肃省	623000	甘南藏族自治州
3353	甘肃省	623001	合作市
3354	甘肃省	623021	临潭县
3355	甘肃省	623022	卓尼县
3356	甘肃省	623023	舟曲县
3357	甘肃省	623024	迭部县
3358	甘肃省	623025	玛曲县
3359	甘肃省	623026	碌曲县
3360	甘肃省	623027	夏河县
3361	甘肃省	623099	甘南藏族自治州州本级
3362	甘肃省	629900	甘肃省省本级
3363	青海省	630100	西宁市
3364	青海省	630102	城东区
3365	青海省	630103	城中区
3366	青海省	630104	城西区
3367	青海省	630105	城北区
3368	青海省	630121	大通回族土族自治县
3369	青海省	630122	湟中县
3370	青海省	630123	湟源县
3371	青海省	630199	西宁市市本级
3372	青海省	630200	海东市
3373	青海省	630202	乐都区
3374	青海省	630203	平安区
3375	青海省	630222	民和回族土族自治县
3376	青海省	630223	互助土族自治县
3377	青海省	630224	化隆回族自治县
3378	青海省	630225	循化撒拉族自治县
3379	青海省	630299	海东市市本级
3380	青海省	632200	海北藏族自治州
3381	青海省	632221	门源回族自治县
3382	青海省	632222	祁连县
3383	青海省	632223	海晏县
3384	青海省	632224	刚察县
3385	青海省	632299	海北藏族自治州州本级
3386	青海省	632300	黄南藏族自治州
3387	青海省	632321	同仁县
3388	青海省	632322	尖扎县
3389	青海省	632323	泽库县
3390	青海省	632324	河南蒙古族自治县
3391	青海省	632399	黄南藏族自治州州本级
3392	青海省	632500	海南藏族自治州
3393	青海省	632521	共和县
3394	青海省	632522	同德县
3395	青海省	632523	贵德县
3396	青海省	632524	兴海县
3397	青海省	632525	贵南县
3398	青海省	632599	海南藏族自治州州本级
3399	青海省	632600	果洛藏族自治州
3400	青海省	632621	玛沁县
3401	青海省	632622	班玛县
3402	青海省	632623	甘德县
3403	青海省	632624	达日县
3404	青海省	632625	久治县
3405	青海省	632626	玛多县
3406	青海省	632699	果洛藏族自治州州本级
3407	青海省	632700	玉树藏族自治州
3408	青海省	632701	玉树市
3409	青海省	632722	杂多县
3410	青海省	632723	称多县
3411	青海省	632724	治多县
3412	青海省	632725	囊谦县
3413	青海省	632726	曲麻莱县
3414	青海省	632799	玉树藏族自治州州本级
3415	青海省	632800	海西蒙古族藏族自治州
3416	青海省	632801	格尔木市
3417	青海省	632802	德令哈市
3418	青海省	632803	茫崖市
3419	青海省	632821	乌兰县
3420	青海省	632822	都兰县
3421	青海省	632823	天峻县
3422	青海省	632899	海西蒙古族藏族自治州州本级
3423	青海省	639900	青海省省本级
3424	宁夏回族自治区	640100	银川市
3425	宁夏回族自治区	640104	兴庆区
3426	宁夏回族自治区	640105	西夏区
3427	宁夏回族自治区	640106	金凤区
3428	宁夏回族自治区	640121	永宁县
3429	宁夏回族自治区	640122	贺兰县
3430	宁夏回族自治区	640181	灵武市
3431	宁夏回族自治区	640199	银川市市本级
3432	宁夏回族自治区	640200	石嘴山市
3433	宁夏回族自治区	640202	大武口区
3434	宁夏回族自治区	640205	惠农区
3435	宁夏回族自治区	640221	平罗县
3436	宁夏回族自治区	640299	石嘴山市市本级
3437	宁夏回族自治区	640300	吴忠市
3438	宁夏回族自治区	640302	利通区
3439	宁夏回族自治区	640303	红寺堡区
3440	宁夏回族自治区	640323	盐池县
3441	宁夏回族自治区	640324	同心县
3442	宁夏回族自治区	640381	青铜峡市
3443	宁夏回族自治区	640399	吴忠市市本级
3444	宁夏回族自治区	640400	固原市
3445	宁夏回族自治区	640402	原州区
3446	宁夏回族自治区	640422	西吉县
3447	宁夏回族自治区	640423	隆德县
3448	宁夏回族自治区	640424	泾源县
3449	宁夏回族自治区	640425	彭阳县
3450	宁夏回族自治区	640499	固原市市本级
3451	宁夏回族自治区	640500	中卫市
3452	宁夏回族自治区	640502	沙坡头区
3453	宁夏回族自治区	640521	中宁县
3454	宁夏回族自治区	640522	海原县
3455	宁夏回族自治区	640599	中卫市市本级
3456	宁夏回族自治区	649900	宁夏回族自治区区本级
3457	新疆维吾尔自治区	650100	乌鲁木齐市
3458	新疆维吾尔自治区	650102	天山区
3459	新疆维吾尔自治区	650103	沙依巴克区
3460	新疆维吾尔自治区	650104	新市区
3461	新疆维吾尔自治区	650105	水磨沟区
3462	新疆维吾尔自治区	650106	头屯河区
3463	新疆维吾尔自治区	650107	达坂城区
3464	新疆维吾尔自治区	650109	米东区
3465	新疆维吾尔自治区	650121	乌鲁木齐县
3466	新疆维吾尔自治区	650199	乌鲁木齐市市本级
3467	新疆维吾尔自治区	650200	克拉玛依市
3468	新疆维吾尔自治区	650202	独山子区
3469	新疆维吾尔自治区	650203	克拉玛依区
3470	新疆维吾尔自治区	650204	白碱滩区
3471	新疆维吾尔自治区	650205	乌尔禾区
3472	新疆维吾尔自治区	650299	克拉玛依市市本级
3473	新疆维吾尔自治区	650400	吐鲁番市
3474	新疆维吾尔自治区	650402	高昌区
3475	新疆维吾尔自治区	650421	鄯善县
3476	新疆维吾尔自治区	650422	托克逊县
3477	新疆维吾尔自治区	650499	吐鲁番市市本级
3478	新疆维吾尔自治区	650500	哈密市
3479	新疆维吾尔自治区	650502	伊州区
3480	新疆维吾尔自治区	650521	巴里坤哈萨克自治县
3481	新疆维吾尔自治区	650522	伊吾县
3482	新疆维吾尔自治区	650599	哈密市市本级
3483	新疆维吾尔自治区	652300	昌吉回族自治州
3484	新疆维吾尔自治区	652301	昌吉市
3485	新疆维吾尔自治区	652302	阜康市
3486	新疆维吾尔自治区	652323	呼图壁县
3487	新疆维吾尔自治区	652324	玛纳斯县
3488	新疆维吾尔自治区	652325	奇台县
3489	新疆维吾尔自治区	652327	吉木萨尔县
3490	新疆维吾尔自治区	652328	木垒哈萨克自治县
3491	新疆维吾尔自治区	652399	昌吉回族自治州州本级
3492	新疆维吾尔自治区	652700	博尔塔拉蒙古自治州
3493	新疆维吾尔自治区	652701	博乐市
3494	新疆维吾尔自治区	652702	阿拉山口市
3495	新疆维吾尔自治区	652722	精河县
3496	新疆维吾尔自治区	652723	温泉县
3497	新疆维吾尔自治区	652799	博尔塔拉蒙古自治州州本级
3498	新疆维吾尔自治区	652800	巴音郭楞蒙古自治州
3499	新疆维吾尔自治区	652801	库尔勒市
3500	新疆维吾尔自治区	652822	轮台县
3501	新疆维吾尔自治区	652823	尉犁县
3502	新疆维吾尔自治区	652824	若羌县
3503	新疆维吾尔自治区	652825	且末县
3504	新疆维吾尔自治区	652826	焉耆回族自治县
3505	新疆维吾尔自治区	652827	和静县
3506	新疆维吾尔自治区	652828	和硕县
3507	新疆维吾尔自治区	652829	博湖县
3508	新疆维吾尔自治区	652899	巴音郭楞蒙古自治州州本级
3509	新疆维吾尔自治区	652900	阿克苏地区
3510	新疆维吾尔自治区	652901	阿克苏市
3511	新疆维吾尔自治区	652922	温宿县
3512	新疆维吾尔自治区	652923	库车县
3513	新疆维吾尔自治区	652924	沙雅县
3514	新疆维吾尔自治区	652925	新和县
3515	新疆维吾尔自治区	652926	拜城县
3516	新疆维吾尔自治区	652927	乌什县
3517	新疆维吾尔自治区	652928	阿瓦提县
3518	新疆维吾尔自治区	652929	柯坪县
3519	新疆维吾尔自治区	652999	阿克苏地区本级
3520	新疆维吾尔自治区	653000	克孜勒苏柯尔克孜自治州
3521	新疆维吾尔自治区	653001	阿图什市
3522	新疆维吾尔自治区	653022	阿克陶县
3523	新疆维吾尔自治区	653023	阿合奇县
3524	新疆维吾尔自治区	653024	乌恰县
3525	新疆维吾尔自治区	653099	克孜勒苏柯尔克孜自治州州本级
3526	新疆维吾尔自治区	653100	喀什地区
3527	新疆维吾尔自治区	653101	喀什市
3528	新疆维吾尔自治区	653121	疏附县
3529	新疆维吾尔自治区	653122	疏勒县
3530	新疆维吾尔自治区	653123	英吉沙县
3531	新疆维吾尔自治区	653124	泽普县
3532	新疆维吾尔自治区	653125	莎车县
3533	新疆维吾尔自治区	653126	叶城县
3534	新疆维吾尔自治区	653127	麦盖提县
3535	新疆维吾尔自治区	653128	岳普湖县
3536	新疆维吾尔自治区	653129	伽师县
3537	新疆维吾尔自治区	653130	巴楚县
3538	新疆维吾尔自治区	653131	塔什库尔干塔吉克自治县
3539	新疆维吾尔自治区	653199	喀什地区本级
3540	新疆维吾尔自治区	653200	和田地区
3541	新疆维吾尔自治区	653201	和田市
3542	新疆维吾尔自治区	653221	和田县
3543	新疆维吾尔自治区	653222	墨玉县
3544	新疆维吾尔自治区	653223	皮山县
3545	新疆维吾尔自治区	653224	洛浦县
3546	新疆维吾尔自治区	653225	策勒县
3547	新疆维吾尔自治区	653226	于田县
3548	新疆维吾尔自治区	653227	民丰县
3549	新疆维吾尔自治区	653299	和田地区本级
3550	新疆维吾尔自治区	654000	伊犁哈萨克自治州
3551	新疆维吾尔自治区	654002	伊宁市
3552	新疆维吾尔自治区	654003	奎屯市
3553	新疆维吾尔自治区	654004	霍尔果斯市
3554	新疆维吾尔自治区	654021	伊宁县
3555	新疆维吾尔自治区	654022	察布查尔锡伯自治县
3556	新疆维吾尔自治区	654023	霍城县
3557	新疆维吾尔自治区	654024	巩留县
3558	新疆维吾尔自治区	654025	新源县
3559	新疆维吾尔自治区	654026	昭苏县
3560	新疆维吾尔自治区	654027	特克斯县
3561	新疆维吾尔自治区	654028	尼勒克县
3562	新疆维吾尔自治区	654099	伊犁哈萨克自治州州本级
3563	新疆维吾尔自治区	654200	塔城地区
3564	新疆维吾尔自治区	654201	塔城市
3565	新疆维吾尔自治区	654202	乌苏市
3566	新疆维吾尔自治区	654221	额敏县
3567	新疆维吾尔自治区	654223	沙湾县
3568	新疆维吾尔自治区	654224	托里县
3569	新疆维吾尔自治区	654225	裕民县
3570	新疆维吾尔自治区	654226	和布克赛尔蒙古自治县
3571	新疆维吾尔自治区	654299	塔城地区本级
3572	新疆维吾尔自治区	654300	阿勒泰地区
3573	新疆维吾尔自治区	654301	阿勒泰市
3574	新疆维吾尔自治区	654321	布尔津县
3575	新疆维吾尔自治区	654322	富蕴县
3576	新疆维吾尔自治区	654323	福海县
3577	新疆维吾尔自治区	654324	哈巴河县
3578	新疆维吾尔自治区	654325	青河县
3579	新疆维吾尔自治区	654326	吉木乃县
3580	新疆维吾尔自治区	654399	阿勒泰地区本级
3581	新疆维吾尔自治区	659001	石河子市
3582	新疆维吾尔自治区	659002	阿拉尔市
3583	新疆维吾尔自治区	659003	图木舒克市
3584	新疆维吾尔自治区	659004	五家渠市
3585	新疆维吾尔自治区	659005	北屯市
3586	新疆维吾尔自治区	659006	铁门关市
3587	新疆维吾尔自治区	659007	双河市
3588	新疆维吾尔自治区	659008	可克达拉市
3589	新疆维吾尔自治区	659009	昆玉市
3590	新疆维吾尔自治区	659900	新疆维吾尔自治区区本级
3591	台湾省	719900	台湾省省本级
3592	香港特别行政区	819900	香港特别行政区区本级
3593	澳门特别行政区	829900	澳门特别行政区区本级